Match,Batting_Team,Bowling_Team,Over 1,Over 2,Over 3,Over 4,Over 5,Over 6,Over 7,Over 8,Over 9,Over 10,Over 11,Over 12,Over 13,Over 14,Over 15,Over 16,Over 17,Over 18,Over 19,Over 20,Over 21,Over 22,Over 23,Over 24,Over 25,Over 26,Over 27,Over 28,Over 29,Over 30,Over 31,Over 32,Over 33,Over 34,Over 35,Over 36,Over 37,Over 38,Over 39,Over 40,Over 41,Over 42,Over 43,Over 44,Over 45,Over 46,Over 47,Over 48,Over 49,Over 50,Over 51
Match 1,NZ Women,SA Women,1/0,3/0,4/0,10/0,13/0,18/0,26/0,29/0,30/1,32/1,36/1,40/1,46/1,51/1,54/2,59/2,62/2,67/2,70/2,77/2,83/2,91/2,100/2,102/3,105/3,111/3,112/3,115/3,119/3,125/3,133/3,137/3,141/3,149/4,152/4,156/4,160/4,167/4,172/4,186/4,191/4,194/5,198/5,202/5,209/6,219/6,229/6,242/6,254/7,259/9,N/A
Match 2,NZ Women,SA Women,3/0,4/0,6/1,8/1,16/2,19/2,23/2,24/2,30/2,32/2,34/2,39/3,43/4,49/4,56/4,58/4,66/4,72/4,75/4,77/4,80/4,85/4,86/5,87/7,88/7,91/7,93/7,99/7,103/7,104/7,106/7,107/7,108/9,108/9,111/9,115/10,N/A,N/A,N/A,N/A,N/A,N/A,N/A,N/A,N/A,N/A,N/A,N/A,N/A,N/A,N/A
Match 3,NZ Women,SA Women,2/0,8/0,9/0,10/1,11/1,14/1,15/2,20/2,25/2,27/2,35/2,44/2,54/2,58/2,65/2,68/2,72/2,73/3,82/3,83/3,88/3,93/3,98/4,106/4,110/5,112/5,116/5,120/5,124/5,127/5,131/5,134/5,136/7,137/7,140/7,142/7,147/9,149/9,149/10,N/A,N/A,N/A,N/A,N/A,N/A,N/A,N/A,N/A,N/A,N/A,N/A
Match 4,NZ Women,AUS Women,4/0,9/0,9/0,17/0,17/0,20/0,30/0,32/0,36/0,42/0,43/0,48/0,50/0,55/0,61/0,68/0,71/0,75/1,76/1,77/1,80/1,85/1,88/1,98/1,104/1,109/1,115/1,120/1,120/1,122/1,129/1,129/1,132/1,145/1,150/1,156/1,160/1,165/1,168/2,177/2,183/2,186/2,193/2,199/3,208/4,219/4,232/4,245/4,246/7,252/9,N/A
Match 5,AUS Women,NZ Women,2/0,11/0,16/0,17/0,19/0,23/0,26/0,40/0,42/0,42/0,47/0,48/0,53/0,63/0,68/0,70/0,77/0,83/0,94/0,98/0,103/0,116/0,120/0,127/0,138/0,146/1,149/1,149/1,153/1,156/1,163/1,170/1,171/1,179/1,180/1,192/1,205/1,210/1,214/1,221/1,227/2,237/2,244/3,252/3,265/3,270/4,287/4,295/5,306/5,325/5,N/A
Match 6,NZ Women,AUS Women,0/0,8/0,9/0,23/0,24/1,24/2,27/2,33/2,35/2,43/2,44/2,51/2,52/3,54/3,60/3,61/4,63/4,64/4,65/4,66/4,68/4,69/4,71/4,74/4,75/4,83/4,83/5,84/6,84/6,90/6,97/6,97/6,97/6,100/6,108/6,114/6,120/6,125/6,132/6,138/6,143/6,145/7,149/7,153/7,155/8,159/8,165/8,177/8,180/9,180/10,N/A
Match 7,AUS Women,IND Women,4/0,11/0,12/0,13/0,17/0,22/0,28/0,41/0,41/2,41/2,41/2,45/2,48/2,50/2,53/2,60/2,62/2,63/3,66/3,74/3,76/3,78/3,81/3,87/3,87/4,90/4,99/4,107/4,111/4,117/4,121/4,128/4,130/4,130/4,135/4,148/4,155/4,163/4,173/4,185/5,195/5,208/5,212/5,220/5,225/6,234/6,243/6,249/6,260/7,264/9,N/A
Match 8,IND Women,SA Women,10/0,14/0,15/0,16/0,17/1,18/2,19/2,22/2,28/2,29/2,31/2,31/2,36/2,41/3,45/3,46/3,50/3,59/3,63/3,67/3,72/3,83/3,90/3,94/3,101/3,104/4,106/4,114/4,116/4,120/4,124/4,125/4,126/4,135/4,141/4,147/4,152/4,154/5,155/5,156/6,158/6,158/7,159/7,160/7,160/8,162/8,165/8,170/8,171/8,177/9,N/A
Match 9,ENG Women,NZ Women,5/0,7/1,9/1,13/1,20/1,23/1,25/1,34/1,39/1,43/1,44/1,45/1,49/1,52/1,58/1,62/1,66/1,73/1,74/1,79/1,89/1,94/1,97/1,100/1,111/1,116/2,127/2,138/2,144/3,147/3,150/3,151/3,161/3,162/4,168/4,170/5,172/5,174/5,181/5,184/6,186/6,189/6,194/7,199/7,211/7,216/8,220/8,220/10,N/A,N/A,N/A
Match 10,IND Women,SA Women,5/0,6/0,12/0,16/0,25/0,26/1,31/1,35/1,35/1,40/1,44/1,52/2,53/3,55/3,57/3,58/3,60/3,69/3,73/3,74/3,76/3,82/3,88/3,88/3,90/3,94/3,100/3,104/3,107/3,115/3,124/3,125/3,126/3,131/3,132/3,134/3,137/4,138/4,139/5,148/5,149/5,150/5,157/5,160/6,166/6,173/6,176/7,179/8,187/8,188/9,N/A
Match 11,SA Women,PAK Women,7/0,9/0,11/0,13/0,27/0,35/0,38/0,44/0,44/0,49/0,53/0,56/0,58/0,62/0,70/0,74/0,79/0,79/1,89/1,92/1,92/1,102/1,106/1,108/1,118/1,119/1,124/1,124/3,125/3,128/3,128/4,132/5,137/5,139/5,147/5,152/5,154/6,157/7,159/7,159/7,166/7,171/7,172/8,173/8,178/8,181/8,188/8,192/8,198/8,201/9,N/A
Match 12,IND Women,SA Women,0/1,5/1,21/1,22/1,28/1,35/1,41/1,45/1,45/1,57/1,61/1,64/2,70/2,73/2,76/2,80/2,83/2,90/2,95/2,99/2,101/2,104/2,111/2,112/2,115/2,120/2,132/2,141/3,145/3,146/3,151/3,158/3,159/3,161/4,163/4,165/4,177/4,188/4,190/4,193/4,195/4,199/4,202/4,215/4,221/5,226/5,232/5,237/5,242/5,248/5,N/A
Match 13,IND Women,AUS Women,5/0,13/0,22/0,23/0,32/0,37/0,40/0,55/0,65/0,68/0,74/0,75/1,77/1,83/1,85/1,88/1,91/2,94/2,94/2,98/3,106/3,112/3,117/3,121/3,128/3,132/3,145/3,151/3,157/3,159/3,166/3,171/3,172/4,182/4,185/4,190/4,199/5,205/5,209/5,213/5,217/5,221/5,226/6,231/6,238/6,248/6,254/6,259/6,270/6,274/7,N/A
Match 14,SA Women,PAK Women,1/1,4/1,9/1,14/1,24/2,28/2,28/2,29/2,36/2,45/2,48/2,52/2,55/2,59/2,66/2,72/2,73/2,75/2,77/2,80/2,83/2,86/3,88/3,88/4,89/4,90/4,91/4,94/4,97/4,98/4,101/4,103/4,108/4,117/4,119/4,133/4,142/4,144/4,151/4,154/5,157/5,161/5,169/5,171/6,172/7,174/8,178/8,183/8,193/8,200/9,N/A
Match 15,AUS Women,NZ Women,0/0,12/0,14/0,21/0,26/0,28/0,28/0,29/0,33/0,41/0,45/0,55/0,62/0,65/0,69/0,76/0,80/0,82/1,86/1,96/1,99/1,107/1,110/1,117/1,125/1,129/1,135/1,142/1,153/1,157/1,164/1,171/1,179/1,181/2,184/2,189/3,197/3,202/3,209/3,213/4,219/4,220/5,223/5,230/5,238/5,247/5,255/5,259/6,266/6,271/7,N/A
Match 16,ENG Women,NZ Women,2/0,9/0,13/0,13/0,25/0,33/0,40/0,46/0,55/0,55/0,60/0,67/0,71/0,75/0,80/0,91/0,95/1,96/2,101/2,108/2,118/2,124/2,136/2,141/2,143/2,149/2,157/2,164/2,166/3,171/3,173/3,175/3,190/3,195/3,206/3,209/3,216/3,230/3,238/3,251/3,254/3,262/3,265/4,269/5,280/5,288/5,303/5,318/5,335/5,347/5,N/A
Match 17,IND Women,AUS Women,10/0,14/0,30/0,33/1,37/1,38/2,39/2,45/2,48/2,51/2,55/2,57/2,64/2,67/2,72/2,75/2,78/2,84/2,86/2,91/2,96/2,99/2,102/2,103/2,108/2,115/2,115/3,120/3,122/3,128/3,134/4,140/4,148/4,151/4,155/4,158/4,164/4,166/5,170/5,172/5,172/6,175/6,178/7,179/7,185/7,188/7,193/7,204/7,221/7,225/8,N/A
Match 18,WI Women,SA Women,3/0,5/1,8/1,9/1,12/1,12/1,13/1,13/1,16/1,16/2,16/2,24/3,24/3,26/3,30/3,32/3,38/3,48/3,48/3,53/4,54/4,56/5,56/5,68/5,75/5,81/5,84/6,88/6,88/7,90/8,90/8,91/8,91/8,92/8,93/8,96/8,98/8,100/8,108/8,109/8,110/8,111/9,112/9,120/9,120/10,N/A,N/A,N/A,N/A,N/A,N/A
Match 19,IND Women,ENG Women,3/0,8/0,10/0,15/0,23/1,23/1,25/1,25/1,27/1,27/2,30/2,33/2,41/2,42/2,45/2,51/2,53/2,56/2,59/2,62/2,65/2,69/2,73/2,79/2,83/2,83/3,84/3,84/4,85/4,90/4,96/4,102/4,105/4,113/4,117/4,120/4,124/4,128/4,131/4,134/4,144/4,149/5,156/5,171/5,178/5,181/6,191/6,195/7,197/8,201/8,N/A
Match 20,ENG Women,NZ Women,5/0,12/0,15/0,23/0,30/0,34/0,41/0,43/0,45/1,47/1,51/1,52/1,59/1,64/1,66/1,71/1,74/1,78/1,80/1,86/1,93/1,101/1,108/1,109/2,111/2,113/3,118/3,122/3,129/3,132/4,140/4,140/5,141/5,144/5,146/5,149/5,156/5,163/5,166/5,174/5,184/5,193/5,201/5,205/5,213/5,221/5,229/6,236/7,241/8,241/10,N/A
Match 21,ZIM Women,BAN Women,1/1,2/2,7/2,7/2,17/2,23/3,26/3,26/3,28/3,37/3,32/3,37/3,47/3,56/3,57/4,58/4,59/5,59/5,61/5,62/6,62/6,66/6,67/6,67/6,69/6,71/6,72/7,72/7,77/7,77/7,78/7,78/7,82/7,85/7,88/7,93/7,97/7,99/7,104/7,107/7,109/7,109/8,112/8,112/8,112/9,116/9,121/10,N/A,N/A,N/A,N/A
Match 22,NZ Women,ENG Women,3/0,12/0,16/0,17/0,22/0,24/1,24/1,28/2,33/2,35/3,40/3,45/3,50/3,51/3,53/3,64/3,67/3,71/3,79/3,82/3,82/3,88/3,89/4,90/4,96/4,98/4,104/4,111/4,121/4,123/4,129/4,134/4,137/4,141/4,150/4,157/4,159/4,166/4,173/5,174/5,176/5,185/5,193/5,204/5,210/6,219/7,223/7,225/7,232/7,244/8,N/A
Match 23,IND Women,ENG Women,6/0,6/0,16/0,23/0,30/0,32/0,38/0,39/0,42/0,48/0,55/0,56/1,57/1,66/1,75/1,77/2,77/3,78/3,78/3,85/3,86/3,88/3,94/3,99/3,106/3,117/3,120/3,121/3,124/3,131/3,134/3,139/3,140/3,145/4,150/4,153/4,160/4,162/5,168/5,171/6,175/6,177/6,179/7,181/8,183/8,190/8,195/9,199/9,217/9,221/10,N/A
Match 24,PAK Women,WI Women,6/0,9/0,12/0,12/0,14/0,17/0,24/0,28/0,36/0,37/1,44/1,45/1,47/1,47/2,52/2,56/3,58/3,58/3,62/3,72/3,77/3,84/3,85/3,90/3,96/3,104/3,110/3,115/3,119/3,123/3,125/3,131/3,135/3,143/3,143/4,145/4,152/4,154/5,155/6,158/7,158/7,160/8,161/9,161/9,166/9,169/9,172/9,175/9,182/10,N/A,N/A
Match 25,ZIM Women,BAN Women,10/0,15/0,16/0,16/0,22/0,22/0,25/1,29/1,30/1,35/3,41/3,41/5,50/5,50/6,52/6,57/6,58/6,59/6,60/6,61/6,62/7,63/7,64/7,65/7,67/7,69/7,72/8,72/10,N/A,N/A,N/A,N/A,N/A,N/A,N/A,N/A,N/A,N/A,N/A,N/A,N/A,N/A,N/A,N/A,N/A,N/A,N/A,N/A,N/A,N/A,N/A
Match 26,IRE Women,WI Women,3/0,10/0,10/0,18/0,19/0,23/0,25/0,30/0,35/0,39/0,41/0,41/0,49/0,54/0,59/0,61/0,68/0,74/0,76/0,79/0,82/2,86/3,86/3,89/3,89/3,93/3,93/5,94/5,97/5,101/6,102/6,106/6,108/6,113/6,115/6,121/6,126/7,130/7,136/7,146/7,154/7,156/9,159/10,N/A,N/A,N/A,N/A,N/A,N/A,N/A,N/A
Match 27,SA Women,WI Women,1/0,5/1,5/1,9/1,13/1,22/1,25/1,26/1,30/1,31/1,33/1,35/1,36/2,38/2,41/2,45/2,47/2,48/2,54/2,57/3,60/3,63/3,70/3,73/3,77/3,83/3,88/4,93/4,99/4,104/4,109/4,116/4,119/5,120/5,122/5,124/6,127/6,130/6,131/6,135/6,140/6,145/6,150/6,153/6,155/6,161/6,165/6,169/6,179/6,185/6,N/A
Match 28,SA Women,IND Women,5/1,9/1,10/1,14/1,20/1,23/2,25/2,30/2,35/2,37/2,41/2,44/2,49/2,51/2,56/2,61/2,65/2,75/2,76/2,80/2,80/3,81/3,87/3,92/3,95/3,99/4,104/4,111/4,113/4,119/5,121/5,126/5,130/5,130/6,132/6,141/6,143/6,144/8,153/8,156/8,157/10,N/A,N/A,N/A,N/A,N/A,N/A,N/A,N/A,N/A,N/A
Match 29,ZIM Women,IRE Women,2/0,5/0,6/0,11/0,17/0,17/0,22/0,23/0,29/0,30/0,31/0,33/0,36/0,39/1,44/1,49/2,51/2,65/2,67/2,76/2,77/3,78/4,81/4,82/5,92/5,100/5,104/5,110/5,115/6,116/6,123/6,126/6,127/7,129/7,134/7,144/7,147/8,148/8,154/8,159/8,162/8,164/9,166/9,169/9,172/9,175/9,178/10,N/A,N/A,N/A,N/A
Match 30,IRE Women,ZIM Women,4/0,9/0,13/0,13/0,16/0,19/0,24/0,27/0,28/1,28/1,29/1,31/1,38/1,46/1,51/1,58/1,59/2,61/2,67/2,70/2,78/2,78/2,79/2,83/2,87/2,93/2,95/2,96/3,108/3,113/3,119/3,120/3,121/3,124/3,134/3,141/3,148/3,158/3,167/3,172/4,179/4,190/4,195/4,203/4,210/4,218/4,220/6,229/6,241/7,253/8,N/A
Match 31,ENG Women,NZ Women,4/0,6/0,10/1,10/1,14/2,20/2,21/3,23/3,27/4,32/4,34/4,38/4,47/4,48/4,49/5,53/5,59/6,63/6,68/6,73/6,74/6,78/6,84/7,85/7,90/7,92/7,92/7,95/7,101/7,101/8,102/8,105/8,116/8,118/8,119/8,126/8,134/8,140/8,144/8,146/8,150/8,155/9,157/9,159/9,165/9,168/9,172/9,174/9,178/10,N/A,N/A
Match 32,SA Women,PAK Women,9/0,12/0,12/0,17/0,22/0,32/0,38/0,42/0,45/0,51/0,52/1,54/1,58/1,61/1,68/1,72/1,78/1,81/1,89/2,91/2,94/2,101/2,105/2,110/2,115/2,116/2,118/2,120/2,125/2,129/2,136/2,140/2,141/3,145/4,150/4,154/4,162/4,169/5,171/5,181/5,187/5,192/5,194/5,198/6,199/6,204/6,207/6,222/6,233/6,252/7,N/A
Match 33,WI Women,PAK Women,2/0,4/0,4/0,5/0,6/0,14/0,15/0,23/0,24/0,27/0,31/0,31/2,38/2,45/2,48/2,58/2,59/2,62/2,64/2,65/3,67/3,72/3,72/3,75/3,80/3,85/3,90/3,95/3,98/4,102/4,104/4,110/4,114/4,116/5,118/5,123/5,129/5,133/5,136/5,143/5,145/6,147/7,149/7,151/7,152/8,153/9,N/A,N/A,N/A,N/A,N/A
Match 34,PAK Women,WI Women,1/0,2/0,6/0,7/0,13/0,20/0,21/0,29/0,32/0,39/0,45/0,48/0,52/0,58/0,67/0,70/0,71/1,77/1,80/1,86/1,88/1,90/2,93/2,97/2,99/3,101/3,104/3,105/3,109/3,115/3,118/3,119/3,121/3,122/4,124/4,127/4,130/4,136/4,139/4,145/4,153/4,157/5,169/5,172/6,184/6,188/6,190/7,196/7,201/7,205/9,N/A
Match 35,PAK Women,ZIM Women,7/0,9/0,11/0,18/0,30/0,37/0,43/0,47/0,53/0,53/0,55/0,56/0,57/1,57/1,59/1,60/1,61/1,63/2,64/2,65/2,70/2,70/2,73/2,81/2,83/2,85/2,88/2,93/2,95/2,100/3,105/3,110/3,110/4,117/4,119/4,121/4,123/5,125/5,127/5,136/5,137/5,141/5,143/5,148/5,155/5,160/6,163/6,177/6,184/6,195/6,N/A
Match 36,WI Women,SA Women,1/0,3/0,4/1,8/1,9/1,10/2,12/2,16/2,24/2,27/2,28/2,28/2,35/2,35/2,36/2,37/2,39/2,44/2,54/2,59/2,62/2,65/2,70/2,75/2,76/2,78/2,81/2,84/2,86/2,92/3,96/3,99/3,101/3,101/4,102/5,108/5,109/5,114/5,122/5,124/5,130/5,132/5,137/5,144/6,149/6,150/6,153/7,156/8,157/10,N/A,N/A
Match 37,NZ Women,ENG Women,2/1,4/1,11/2,15/2,20/2,23/3,26/3,27/4,27/4,28/4,29/4,30/4,32/4,35/5,41/5,45/5,47/5,51/5,61/5,66/5,70/5,76/5,78/6,87/6,92/6,93/6,98/6,99/6,101/6,104/6,105/6,110/6,117/6,121/6,124/7,127/7,131/7,135/7,138/8,138/8,143/8,148/8,152/8,155/8,159/8,168/8,179/8,189/8,191/9,192/10,N/A
Match 38,ENG Women,IND Women,1/0,5/1,11/1,16/1,18/1,21/1,23/1,35/1,40/1,42/1,45/1,48/1,52/1,56/1,61/1,67/1,69/2,71/2,79/2,81/2,89/2,94/2,103/2,105/2,110/3,115/3,125/3,127/3,131/3,134/3,140/3,142/3,146/3,151/4,154/4,159/4,162/4,164/5,168/5,172/5,177/6,182/6,190/6,192/7,197/9,206/9,219/10,N/A,N/A,N/A,N/A
Match 39,WI Women,PAK Women,5/0,5/1,6/1,8/1,12/1,26/1,29/1,31/2,33/2,35/2,38/2,38/2,43/2,44/2,47/2,51/2,58/2,59/2,65/2,69/2,77/2,79/2,82/2,82/2,87/2,89/2,98/2,102/2,103/2,107/2,114/2,120/2,122/2,132/2,138/2,138/2,148/2,163/2,168/2,171/4,177/4,181/5,182/6,183/6,186/6,189/6,194/7,203/7,208/8,210/10,N/A
Match 40,IND Women,SA Women,5/0,9/0,13/0,14/0,17/1,22/1,23/1,26/1,27/1,42/1,44/1,50/1,58/1,60/1,61/1,61/2,63/2,70/2,71/2,76/2,78/2,79/2,83/2,87/2,93/2,98/2,104/2,108/2,112/2,119/2,123/2,133/2,134/2,141/2,144/2,155/2,164/2,174/3,179/3,190/3,203/3,210/3,216/3,223/3,230/3,234/3,239/3,252/4,259/4,266/4,N/A
Match 41,IRE Women,ZIM Women,4/0,8/0,12/0,23/0,26/0,37/0,38/0,40/0,40/1,45/1,45/1,56/1,56/1,64/1,67/1,72/1,81/1,83/1,94/1,99/1,111/1,121/1,124/1,129/1,134/1,138/1,144/1,144/2,153/2,159/2,167/2,173/2,181/2,187/2,200/2,208/2,211/2,219/2,225/2,233/2,237/2,245/2,249/2,260/2,271/2,284/2,287/3,296/3,301/3,312/3,N/A
Match 42,ZIM Women,BAN Women,4/0,6/0,11/1,11/1,14/2,14/2,14/2,14/3,17/3,20/3,23/4,25/4,26/4,27/4,27/5,27/5,37/5,37/5,40/5,40/6,47/6,48/7,48/9,48/10,N/A,N/A,N/A,N/A,N/A,N/A,N/A,N/A,N/A,N/A,N/A,N/A,N/A,N/A,N/A,N/A,N/A,N/A,N/A,N/A,N/A,N/A,N/A,N/A,N/A,N/A,N/A
Match 43,PAK Women,BAN Women,1/0,2/0,9/0,11/0,13/0,13/0,15/1,16/1,20/1,20/1,30/1,33/1,37/1,38/1,42/3,46/4,47/4,49/5,50/5,50/5,52/5,54/5,56/5,58/5,63/5,65/5,71/5,72/5,74/5,77/5,82/5,85/5,91/5,97/5,100/5,101/5,104/5,105/5,110/5,115/5,122/5,129/5,134/5,137/5,145/5,153/5,167/5,178/5,194/6,201/7,N/A
Match 44,WI Women,PAK Women,0/0,1/0,12/0,16/0,26/0,30/0,33/0,37/0,42/0,42/0,44/0,44/1,49/1,53/1,57/1,62/1,70/1,74/2,77/2,78/2,89/2,95/2,100/2,110/2,115/2,127/2,132/2,140/2,149/2,150/2,152/2,159/2,163/2,164/2,169/2,171/2,174/2,174/2,178/2,180/2,190/2,192/3,197/3,207/3,218/3,226/3,236/4,243/4,249/6,253/8,N/A
Match 45,PAK Women,WI Women,2/0,4/0,5/0,6/0,12/0,18/0,19/0,30/0,33/0,43/0,49/1,55/1,59/1,62/1,64/1,65/1,66/1,70/1,78/1,79/1,82/1,86/1,88/1,89/1,95/1,101/1,106/1,110/1,114/1,121/1,123/2,128/2,131/4,132/4,136/4,138/4,141/4,147/4,150/4,152/4,162/4,168/4,173/4,175/4,182/5,185/5,188/6,201/6,212/6,225/6,N/A
Match 46,WI Women,SA Women,2/0,5/0,14/0,14/0,20/0,25/0,31/0,33/1,40/1,42/1,44/1,48/1,56/1,57/2,59/2,63/2,64/2,66/2,70/2,74/2,76/3,78/3,81/3,84/3,88/3,90/3,91/3,93/3,97/3,99/3,101/3,103/3,106/3,111/3,115/3,117/3,123/3,125/3,128/3,143/3,145/3,146/3,152/3,156/3,166/3,173/4,176/4,180/5,186/5,192/5,N/A
Match 47,WI Women,SA Women,1/0,1/0,2/0,4/0,6/0,11/1,11/1,12/1,12/1,12/2,13/2,14/2,14/2,15/2,28/2,46/2,56/2,63/2,65/2,68/2,68/2,70/3,73/3,77/3,79/3,85/3,88/3,91/3,94/3,95/3,98/3,101/3,102/3,105/3,108/4,114/4,116/5,127/5,129/5,131/5,132/6,135/6,138/7,142/8,148/8,152/8,153/9,N/A,N/A,N/A,N/A
Match 48,AUS Women,NZ Women,4/0,16/0,19/0,26/0,35/0,43/0,54/0,61/0,67/0,73/0,80/1,80/4,86/4,89/4,96/4,100/4,103/5,110/5,113/6,116/6,122/6,129/6,135/6,141/7,149/7,N/A,N/A,N/A,N/A,N/A,N/A,N/A,N/A,N/A,N/A,N/A,N/A,N/A,N/A,N/A,N/A,N/A,N/A,N/A,N/A,N/A,N/A,N/A,N/A,N/A,N/A
Match 49,PAK Women,WI Women,3/0,3/0,7/0,9/1,13/2,20/2,24/2,29/2,29/2,31/2,38/2,39/2,49/2,53/2,56/2,60/2,64/3,70/3,71/3,72/3,76/3,78/3,79/4,82/4,82/4,82/4,91/4,96/4,96/5,97/5,97/5,97/5,99/5,103/5,104/6,105/6,110/6,110/6,115/7,117/8,117/9,120/9,120/10,N/A,N/A,N/A,N/A,N/A,N/A,N/A,N/A
Match 50,NZ Women,AUS Women,0/0,1/1,3/1,4/1,5/1,11/1,13/1,17/1,23/1,32/1,35/1,36/1,42/1,49/1,54/1,57/1,60/1,66/1,67/1,69/2,71/2,73/2,80/2,82/2,84/2,89/2,96/2,102/2,105/2,110/2,124/2,127/2,134/2,137/2,150/2,155/2,159/2,165/3,166/4,169/5,177/5,184/5,185/6,187/6,196/6,199/7,204/7,209/8,212/10,N/A,N/A
Match 51,ENG Women,NZ Women,1/0,14/1,15/1,24/1,27/1,29/1,36/1,45/1,55/1,59/1,61/2,67/2,68/3,69/4,73/4,76/4,76/4,79/4,82/4,85/5,91/5,100/5,102/5,107/5,108/5,110/5,116/5,122/6,129/6,131/6,134/6,138/7,142/7,144/7,146/8,154/9,163/9,166/9,171/9,173/9,188/9,193/9,196/9,197/10,N/A,N/A,N/A,N/A,N/A,N/A,N/A
Match 52,IRE Women,ZIM Women,5/0,14/0,17/0,24/0,26/0,29/0,34/0,42/0,44/0,50/0,54/0,61/0,65/0,71/0,75/0,78/0,83/0,86/0,98/0,103/0,106/0,112/0,116/0,126/0,132/0,136/1,138/2,139/2,144/2,145/2,157/2,164/2,169/2,173/2,180/2,190/2,195/2,204/3,205/3,214/3,220/4,222/4,230/4,234/4,247/4,249/4,264/4,271/5,279/6,286/7,N/A
Match 53,PAK Women,WI Women,4/0,5/0,9/0,14/0,19/0,26/0,33/0,35/0,38/0,41/0,42/1,46/2,50/2,51/2,57/2,64/2,71/2,80/2,84/2,91/2,95/2,96/3,106/3,115/3,122/3,127/3,135/4,141/5,150/6,157/6,168/6,177/6,182/7,190/8,N/A,N/A,N/A,N/A,N/A,N/A,N/A,N/A,N/A,N/A,N/A,N/A,N/A,N/A,N/A,N/A,N/A
Match 54,NZ Women,ENG Women,5/0,6/0,9/0,14/0,18/0,24/0,25/1,30/1,34/1,41/2,46/2,46/2,55/2,61/2,68/2,72/2,74/3,76/3,85/3,86/3,88/3,91/3,94/3,96/4,100/4,100/4,104/5,109/5,110/5,113/5,118/5,126/6,134/6,137/6,139/6,144/6,145/8,149/8,156/8,160/8,166/8,172/8,173/9,174/9,177/9,178/10,N/A,N/A,N/A,N/A,N/A
Match 55,IRE Women,SA Women,1/0,2/0,3/1,3/1,4/1,6/1,7/1,8/1,12/1,17/1,21/1,24/1,28/1,30/2,39/3,40/3,47/3,49/3,53/3,57/3,59/3,66/3,75/4,81/4,82/4,89/4,97/4,102/4,115/4,121/4,132/4,132/4,135/5,138/6,143/6,145/6,150/6,157/6,162/6,168/6,174/6,178/6,181/6,186/6,189/7,190/7,195/7,201/7,207/8,213/8,N/A
Match 56,WI Women,PAK Women,4/0,6/0,19/0,19/0,23/1,24/1,26/1,29/1,34/1,38/2,45/2,46/3,52/4,56/4,62/4,63/6,63/7,66/7,78/7,89/7,N/A,N/A,N/A,N/A,N/A,N/A,N/A,N/A,N/A,N/A,N/A,N/A,N/A,N/A,N/A,N/A,N/A,N/A,N/A,N/A,N/A,N/A,N/A,N/A,N/A,N/A,N/A,N/A,N/A,N/A,N/A
Match 57,IND Women,NZ Women,5/0,6/0,10/0,16/0,18/0,40/0,42/0,46/0,52/0,57/0,61/0,66/1,76/1,80/1,86/1,92/1,95/1,101/1,103/1,108/1,111/2,112/3,120/3,121/3,127/3,131/3,132/3,135/3,136/4,138/4,143/4,145/4,151/4,161/4,168/4,175/4,178/4,185/4,192/4,203/4,209/4,214/4,226/4,232/4,238/4,243/5,247/5,258/5,264/5,270/6,N/A
Match 58,NZ Women,IND Women,5/0,9/0,9/1,21/1,31/1,33/1,35/1,42/1,47/1,51/1,54/2,63/2,68/2,75/2,76/2,84/2,90/2,93/2,102/2,117/2,119/2,121/3,128/3,129/3,135/3,143/3,148/3,152/3,154/3,158/3,164/3,170/3,175/3,178/4,181/4,186/4,188/4,193/4,198/4,211/4,214/4,222/4,226/5,229/5,233/5,239/6,241/8,244/8,255/8,260/9,N/A
Match 59,SA Women,WI Women (did not bat),N/A,N/A,N/A,N/A,N/A,N/A,N/A,N/A,N/A,N/A,N/A,N/A,N/A,N/A,N/A,N/A,N/A,N/A,N/A,N/A,N/A,N/A,N/A,N/A,N/A,N/A,N/A,N/A,N/A,N/A,N/A,N/A,N/A,N/A,N/A,N/A,N/A,N/A,N/A,N/A,N/A,N/A,N/A,N/A,N/A,N/A,N/A,N/A,N/A,N/A,N/A
Match 60,AUS Women,NZ Women,3/0,7/0,12/0,14/0,14/0,20/0,26/0,27/0,35/0,37/1,38/1,42/1,44/1,54/1,56/2,57/3,66/3,67/3,68/3,70/3,78/3,79/3,83/3,87/3,97/3,99/3,102/3,104/3,113/3,114/4,116/4,123/4,128/4,133/4,140/4,142/4,148/4,152/4,160/4,164/4,184/4,192/4,199/4,211/4,214/5,224/5,230/6,239/7,253/7,269/8,N/A
Match 61,IRE Women,NL Women,7/0,15/0,21/0,29/0,31/0,37/0,38/0,39/1,43/1,46/1,57/1,64/1,68/1,73/2,83/2,85/2,86/2,89/2,98/2,109/2,116/2,119/2,122/2,125/2,134/2,138/2,147/2,152/2,159/2,163/2,167/2,178/2,188/2,197/2,209/2,218/2,225/2,234/2,242/2,249/2,260/2,271/2,279/2,285/2,290/2,304/2,309/3,319/3,326/6,337/7,N/A
Match 62,ENG Women,IND Women,1/0,5/0,8/0,14/0,14/0,16/0,20/0,21/1,21/2,26/2,28/2,38/2,43/2,51/2,54/2,56/2,59/2,68/3,70/3,72/3,74/3,79/3,84/3,87/3,91/4,93/4,94/5,99/5,103/5,111/5,118/5,121/5,128/5,128/6,135/6,141/6,143/6,151/6,153/6,164/6,167/6,176/6,179/7,182/7,192/7,198/7,202/7,210/7,219/7,227/7,N/A
Match 63,NL Women,IRE Women,2/0,4/0,4/1,5/2,7/2,7/3,8/3,8/3,10/3,12/3,14/4,15/4,21/4,21/5,23/5,27/5,29/5,37/5,40/6,41/7,44/7,53/7,54/7,61/7,62/7,69/7,71/7,73/7,76/8,79/9,80/9,83/9,84/10,N/A,N/A,N/A,N/A,N/A,N/A,N/A,N/A,N/A,N/A,N/A,N/A,N/A,N/A,N/A,N/A,N/A,N/A
Match 64,BAN Women,NZ Women,6/0,18/0,31/0,34/0,41/0,45/0,50/0,56/0,59/0,61/1,65/1,70/1,71/1,79/1,81/3,83/3,86/3,86/3,91/3,96/3,104/3,109/4,119/5,120/6,128/6,135/7,140/8,N/A,N/A,N/A,N/A,N/A,N/A,N/A,N/A,N/A,N/A,N/A,N/A,N/A,N/A,N/A,N/A,N/A,N/A,N/A,N/A,N/A,N/A,N/A,N/A
Match 65,NZ Women,IND Women,3/0,12/0,17/0,22/0,30/0,35/0,40/0,44/0,46/0,48/0,51/0,53/0,54/1,55/1,62/1,63/1,69/1,77/1,85/1,88/1,98/1,106/1,106/2,111/2,116/2,123/2,129/2,137/2,144/2,149/2,159/2,166/2,177/2,183/2,192/2,196/2,204/3,208/3,215/3,220/3,228/4,233/4,236/5,246/5,253/6,260/7,269/8,275/9,275/10,N/A,N/A
Match 66,ENG Women,AUS Women,2/0,2/1,2/1,2/1,3/1,8/1,12/1,16/1,19/2,20/2,24/2,26/2,28/2,30/2,33/2,38/2,44/2,46/2,49/2,51/2,52/2,57/2,59/2,63/2,67/2,70/2,71/2,74/2,78/2,80/2,90/2,100/2,104/2,106/2,109/3,112/3,119/3,123/3,125/4,126/5,128/6,132/6,135/6,137/7,142/8,147/8,151/8,156/8,162/9,163/10,N/A
Match 67,NZ Women,WI Women,10/0,13/0,14/0,19/0,19/1,21/2,24/2,27/2,35/2,36/2,41/2,45/2,46/2,49/2,53/2,57/3,58/3,60/3,63/3,72/3,81/3,83/3,87/4,89/4,94/4,100/4,103/4,104/4,106/5,110/5,113/5,116/5,122/5,126/5,131/5,135/5,140/5,143/5,148/6,152/6,154/6,155/7,160/7,160/8,162/8,164/9,165/9,168/9,168/10,N/A,N/A
Match 68,WI Women,SA Women,1/0,6/0,6/0,10/0,10/1,11/1,12/1,21/1,27/1,27/2,27/2,36/2,40/2,41/2,41/2,51/2,59/2,60/2,70/2,72/2,79/2,81/2,89/2,101/2,117/2,119/2,126/2,133/2,141/2,142/2,150/2,152/2,154/2,160/2,168/2,174/2,181/2,181/2,187/2,195/2,202/2,210/2,213/2,219/3,228/3,234/3,N/A,N/A,N/A,N/A,N/A
Match 69,ENG Women,SA Women,6/0,9/0,10/0,11/1,15/1,16/1,22/1,23/1,35/1,44/1,45/1,50/1,52/2,62/2,67/2,71/2,77/2,79/3,86/3,89/3,96/3,104/3,108/3,113/3,121/3,126/4,134/4,142/4,147/4,150/4,160/4,160/4,167/4,171/4,180/4,188/4,198/4,204/4,209/4,218/4,223/4,226/4,237/4,242/4,247/5,256/5,262/6,274/6,281/6,293/8,N/A
Match 70,BAN Women,AUS Women,5/0,10/0,12/0,15/0,19/0,28/0,30/0,33/0,38/1,40/1,41/1,45/1,45/1,48/2,50/2,51/2,53/2,58/2,58/3,61/3,62/3,62/3,62/4,63/4,64/4,66/4,66/4,73/4,73/4,78/4,82/4,87/4,88/4,91/4,96/5,99/5,102/5,105/5,111/5,119/5,125/5,131/5,135/6,N/A,N/A,N/A,N/A,N/A,N/A,N/A,N/A
Match 71,PAK Women,AUS Women,2/0,10/0,11/1,16/2,16/2,22/2,23/2,23/2,29/2,37/2,38/3,44/3,44/4,46/4,48/4,50/4,53/4,55/4,61/4,65/4,69/4,72/4,73/4,74/4,75/4,78/4,84/4,85/4,86/4,92/4,98/4,101/4,102/4,110/4,113/4,115/4,118/4,120/4,122/4,123/4,129/4,131/4,136/4,142/4,149/5,155/5,169/5,175/5,178/6,190/6,N/A
Match 72,AUS Women,WI Women,4/0,9/0,13/0,14/0,21/0,23/0,26/0,36/0,37/0,41/0,43/0,50/0,51/0,64/0,74/0,76/0,78/0,82/0,93/0,100/0,102/0,106/0,124/0,132/0,136/0,143/0,154/0,171/0,175/0,186/0,199/0,210/0,217/1,226/1,231/1,236/3,246/3,250/3,260/3,265/3,271/3,277/3,293/3,300/3,305/3,N/A,N/A,N/A,N/A,N/A,N/A
Match 73,SA Women,WI Women,5/0,8/0,25/0,29/0,34/1,39/1,40/2,41/2,42/2,43/2,46/2,53/2,58/2,63/2,66/2,69/2,75/2,77/2,80/2,86/2,89/2,97/2,100/2,106/2,107/2,111/2,115/2,123/2,127/2,143/2,147/2,155/2,163/2,168/2,174/2,181/3,183/3,188/3,192/3,198/3,206/3,217/4,230/5,241/5,258/5,273/5,279/5,293/5,296/7,299/8,N/A
Match 74,IND Women,SA Women,8/0,13/0,30/0,32/0,36/0,39/0,45/0,49/0,62/0,68/0,74/0,75/0,78/0,90/0,91/1,93/1,96/2,97/2,102/2,108/2,114/2,115/2,120/2,120/2,126/2,128/2,135/2,146/2,154/2,165/2,172/2,176/3,179/3,181/3,189/3,195/3,204/3,211/3,214/3,223/3,224/3,229/3,236/4,240/4,241/5,250/5,255/5,266/5,269/6,274/7,N/A
Match 75,NZ Women,BAN Women (did not bat),N/A,N/A,N/A,N/A,N/A,N/A,N/A,N/A,N/A,N/A,N/A,N/A,N/A,N/A,N/A,N/A,N/A,N/A,N/A,N/A,N/A,N/A,N/A,N/A,N/A,N/A,N/A,N/A,N/A,N/A,N/A,N/A,N/A,N/A,N/A,N/A,N/A,N/A,N/A,N/A,N/A,N/A,N/A,N/A,N/A,N/A,N/A,N/A,N/A,N/A,N/A
Match 76,NL Women,IRE Women,3/0,5/0,6/2,8/2,11/3,13/3,15/3,15/3,27/3,29/4,39/4,49/4,54/4,58/4,60/4,64/4,67/4,69/4,72/5,78/5,80/5,81/5,82/5,88/5,91/5,91/5,94/5,98/5,102/5,109/5,117/5,123/5,130/5,138/5,140/5,146/6,149/7,156/7,159/7,164/7,166/7,171/7,174/8,175/9,177/9,180/9,184/9,185/10,N/A,N/A,N/A
Match 77,WI Women,NZ Women,12/0,16/0,29/1,33/1,39/1,43/2,44/2,49/2,51/2,54/2,58/2,60/2,67/2,69/2,72/2,85/2,88/2,95/2,96/2,102/2,105/2,107/3,118/3,119/3,120/3,124/3,127/3,133/3,144/3,148/3,154/3,159/3,165/3,165/4,167/4,172/4,175/4,177/4,188/4,192/4,195/4,205/4,207/4,219/4,225/5,229/5,239/6,244/7,248/8,259/9,N/A
Match 78,ENG Women,SA Women,2/0,4/1,11/1,17/1,17/1,19/2,24/2,24/2,33/2,38/2,40/2,43/3,45/3,51/3,54/3,54/3,57/3,62/3,71/3,80/3,82/3,87/3,90/3,97/3,97/3,99/3,109/3,112/3,123/3,126/3,130/3,141/3,145/3,149/4,154/4,159/4,163/4,167/5,168/5,171/5,179/5,185/5,190/5,195/5,201/5,206/7,216/7,219/8,227/9,235/9,N/A
Match 79,AUS Women,ENG Women,2/0,6/0,10/0,11/0,14/0,16/0,25/0,26/0,32/0,37/0,42/0,49/0,54/0,63/0,68/0,70/0,76/0,81/0,86/0,92/0,98/0,105/0,115/0,120/0,131/0,142/0,149/0,152/0,160/0,162/1,170/1,175/1,185/1,187/1,196/1,208/1,216/1,221/1,233/1,236/1,245/1,260/1,278/1,297/1,315/1,318/3,330/3,333/5,341/5,356/5,N/A
Match 80,BAN Women,NZ Women,5/0,5/0,7/0,8/1,10/1,10/2,15/2,18/2,20/2,24/2,29/2,30/2,33/2,36/2,39/2,41/2,44/2,50/2,52/2,57/2,60/2,61/2,65/2,68/2,74/2,76/3,80/3,81/3,83/3,84/3,85/3,88/3,90/3,90/3,95/3,101/3,107/3,112/3,116/3,121/3,129/3,129/4,137/4,140/4,152/4,157/5,161/5,167/7,174/7,180/8,N/A
Match 81,PAK Women,SL Women,1/0,4/0,6/0,10/0,12/0,14/0,21/0,28/0,29/0,41/0,43/0,44/0,48/0,52/0,56/0,57/0,61/0,69/0,75/0,77/0,86/0,90/0,94/0,99/0,101/0,103/0,111/0,113/0,117/0,118/0,124/0,132/0,135/0,151/0,158/0,159/1,161/1,166/1,171/1,176/1,185/1,190/1,195/1,204/1,212/1,225/1,232/1,237/2,244/2,253/2,N/A
Match 82,WI Women,AUS Women,2/0,7/2,13/2,20/2,24/2,27/2,30/2,31/2,31/2,34/3,44/3,45/3,48/3,51/3,52/3,56/3,59/3,60/3,63/3,63/3,65/3,69/3,70/5,71/5,77/5,83/5,86/6,87/6,87/6,93/6,94/6,95/6,97/6,102/6,106/6,111/6,111/7,113/7,116/7,117/7,119/8,120/8,126/8,126/9,128/9,131/10,N/A,N/A,N/A,N/A,N/A
Match 83,WI Women,BAN Women,2/0,6/0,8/0,12/0,20/0,20/0,24/0,25/0,29/1,34/1,39/1,40/1,44/2,48/2,48/3,48/4,50/4,50/4,51/4,52/4,52/4,52/4,53/4,55/4,56/4,57/4,59/4,60/5,60/5,60/5,61/5,62/6,63/6,69/6,69/6,72/7,75/7,78/7,83/7,87/7,89/7,91/7,98/7,107/8,110/8,117/8,126/8,130/8,132/8,140/9,N/A
Match 84,BAN Women,PAK Women,8/0,9/0,10/0,16/0,20/0,26/0,30/0,36/0,37/1,51/1,52/1,57/1,61/1,63/1,66/1,67/1,71/1,76/1,79/1,79/2,82/2,84/2,85/2,87/2,93/2,97/2,101/2,106/2,113/2,119/2,128/2,134/2,135/2,141/2,144/2,147/2,158/2,168/2,173/2,175/3,182/3,187/3,190/3,202/3,204/4,209/4,213/6,219/6,226/6,234/7,N/A
Match 85,ENG Women,SA Women,6/0,15/0,20/0,29/0,29/0,37/0,46/0,48/0,54/0,58/0,67/0,71/0,77/0,83/0,86/0,93/0,96/0,100/0,107/0,118/0,126/0,128/1,130/1,133/1,135/1,140/1,144/1,149/2,151/2,156/2,159/2,167/2,173/2,185/2,196/2,203/2,210/2,218/2,224/2,232/2,242/2,256/2,272/2,281/2,291/3,296/3,307/3,318/4,325/4,337/5,N/A
Match 86,AUS Women,ENG Women,0/0,3/0,12/0,13/1,14/1,18/1,22/1,28/1,30/1,34/1,39/1,43/1,49/1,52/1,53/1,54/1,60/2,63/3,65/3,67/3,68/4,69/4,70/4,71/4,73/4,76/4,78/4,82/4,91/4,96/4,97/4,109/4,119/4,125/4,126/5,135/5,137/5,141/6,146/6,147/6,152/7,156/7,162/7,165/7,175/7,177/7,187/7,190/7,195/7,205/9,N/A
Match 87,SL Women,PAK Women,2/0,4/0,7/0,12/1,13/1,14/1,18/1,20/1,27/1,30/1,32/1,36/1,37/1,42/1,46/2,47/3,47/3,49/3,53/3,56/3,58/3,60/3,65/3,68/3,71/3,83/3,89/3,90/3,94/3,96/4,96/6,106/6,107/6,113/6,117/6,125/6,125/7,129/7,132/7,138/8,142/8,145/8,147/8,155/8,163/8,167/8,169/8,169/10,N/A,N/A,N/A
Match 88,IND Women,ENG Women,12/0,13/1,18/1,27/1,30/1,36/1,45/1,54/1,56/1,60/1,65/1,67/2,71/2,78/2,80/2,88/2,95/2,98/2,99/2,104/3,108/3,116/3,117/3,119/3,122/3,126/3,128/3,136/3,149/3,151/3,159/3,165/3,168/3,170/3,176/3,184/3,192/3,194/3,199/3,212/4,218/4,230/4,240/4,243/4,253/4,262/5,271/5,297/5,314/5,333/5,N/A
Match 89,ENG Women,AUS Women,4/0,5/0,6/0,11/1,17/1,19/1,20/1,25/1,30/1,40/1,40/2,43/2,45/2,47/2,51/2,55/2,57/2,58/3,59/3,60/4,63/4,63/4,64/4,66/5,67/6,68/7,70/7,70/7,77/7,78/7,84/7,84/7,85/7,88/7,91/7,93/7,97/7,103/7,106/7,107/9,117/9,117/9,118/9,120/9,128/9,129/10,N/A,N/A,N/A,N/A,N/A
Match 90,SA Women,PAK Women,6/0,8/0,9/1,18/1,18/1,19/1,21/1,21/2,26/2,29/2,32/2,40/2,42/2,45/2,51/2,55/2,56/2,61/2,63/2,65/2,67/2,69/2,72/2,76/2,77/2,87/2,95/2,100/2,106/2,111/4,111/4,120/5,122/5,126/5,128/5,132/5,140/5,144/5,149/5,157/5,163/5,166/5,174/5,178/6,183/6,190/6,204/6,210/7,218/7,223/9,N/A
Match 91,NZ Women,PAK Women,2/0,9/0,18/0,20/0,25/0,35/1,41/1,41/1,44/1,56/1,60/1,67/1,75/1,81/1,84/1,90/1,94/1,99/1,100/3,102/3,107/3,108/3,113/3,119/3,123/3,125/3,128/3,136/3,140/3,145/3,150/3,156/3,160/4,170/4,172/4,175/4,182/4,189/4,193/4,197/4,202/4,206/4,212/5,215/5,218/5,228/6,231/8,233/8,247/8,265/8,N/A
Match 92,IND Women,PAK Women,3/0,3/0,4/1,5/1,15/1,17/1,17/1,21/1,24/1,33/1,38/1,46/1,52/1,57/1,64/1,65/1,74/1,78/1,83/1,87/1,92/1,96/2,97/2,98/2,100/3,102/3,104/3,106/3,108/4,111/4,112/5,114/5,114/5,115/6,123/6,129/6,134/6,141/6,148/6,160/6,170/6,182/6,188/6,192/6,199/6,207/6,215/6,221/6,236/6,244/7,N/A
Match 93,IND Women,BAN Women,2/0,11/0,13/0,16/0,16/0,18/0,23/0,25/0,39/0,52/0,56/0,61/0,63/0,72/0,74/1,74/3,75/3,79/3,80/3,80/3,81/3,86/3,93/3,97/3,100/3,105/3,108/3,111/4,111/4,121/4,125/4,133/4,137/4,142/4,147/4,156/4,158/4,161/4,163/5,165/5,169/5,174/5,176/5,180/6,184/6,191/6,200/6,209/6,222/6,229/7,N/A
Match 94,NZ Women,SA Women,1/0,5/0,6/1,7/1,8/1,11/1,14/1,19/1,19/1,30/1,34/1,39/1,45/1,53/1,61/1,70/1,78/1,86/1,88/2,90/3,90/3,92/3,95/3,99/3,108/3,109/3,111/3,116/3,123/3,130/3,140/3,146/3,154/3,160/3,167/3,172/4,179/4,184/4,187/4,197/4,201/5,206/5,210/6,214/6,219/6,220/8,226/9,228/10,N/A,N/A,N/A
Match 95,PAK Women,IRE Women,2/0,3/0,11/0,15/0,23/0,26/0,34/0,37/0,40/0,49/0,58/0,62/0,63/0,66/0,79/0,93/0,97/0,101/0,105/0,120/0,125/0,129/0,132/0,152/0,155/0,168/0,171/0,175/0,183/0,186/0,193/0,201/0,208/0,217/0,221/0,223/1,237/1,246/1,256/1,270/1,279/1,286/1,293/1,295/1,304/1,311/1,320/2,328/2,332/3,335/3,N/A
Match 96,BAN Women,NZ Women,5/0,6/0,6/0,10/0,16/1,18/1,23/1,23/1,23/1,27/1,29/1,32/1,34/1,39/1,42/1,43/1,46/1,47/1,55/2,56/3,62/3,64/4,65/4,66/4,66/4,71/4,74/4,83/4,90/5,95/5,97/5,98/5,100/5,105/5,107/5,113/5,120/5,128/5,132/5,133/5,138/5,140/6,151/7,157/7,N/A,N/A,N/A,N/A,N/A,N/A,N/A
Match 97,NZ Women,IND Women,11/0,14/0,23/0,30/0,42/0,53/1,65/1,71/1,80/1,89/2,95/2,105/2,124/2,137/3,141/3,145/3,156/3,163/3,176/4,191/5,N/A,N/A,N/A,N/A,N/A,N/A,N/A,N/A,N/A,N/A,N/A,N/A,N/A,N/A,N/A,N/A,N/A,N/A,N/A,N/A,N/A,N/A,N/A,N/A,N/A,N/A,N/A,N/A,N/A,N/A,N/A
Match 98,IND Women,ENG Women,2/0,2/1,10/1,11/2,15/2,17/2,17/2,22/3,29/4,32/4,39/4,43/4,51/4,53/4,55/4,58/4,66/4,74/4,78/4,82/4,83/4,84/4,87/4,87/5,88/5,101/5,105/5,107/5,108/6,110/6,110/6,111/6,116/6,119/6,128/6,133/6,135/6,141/6,148/7,149/8,150/8,153/9,154/9,161/9,166/9,169/10,N/A,N/A,N/A,N/A,N/A
Match 99,ENG Women,WI Women,4/0,10/0,19/0,24/1,30/1,37/1,39/2,43/2,43/2,47/2,55/2,58/2,65/2,72/2,75/2,83/3,86/3,90/3,96/3,100/3,107/3,117/3,127/3,128/4,140/4,143/4,145/4,148/4,155/4,166/4,169/4,170/4,179/4,186/4,192/4,199/4,205/4,218/4,230/4,232/5,246/5,252/6,255/6,261/6,266/6,282/6,285/6,294/6,300/7,307/7,N/A
Match 100,ENG Women,SA Women,6/0,12/0,18/0,24/0,30/0,35/0,40/0,45/0,54/0,66/0,75/0,84/0,84/0,87/0,90/0,98/0,110/0,114/0,120/0,123/0,135/0,149/0,149/1,158/1,172/1,178/1,187/1,198/1,202/1,209/1,214/1,230/1,234/1,237/2,241/2,247/2,255/2,262/2,268/2,274/2,280/2,285/3,293/3,317/3,322/4,334/4,346/4,353/5,367/5,371/7,N/A
Match 101,IRE Women,SA Women,1/0,2/0,3/0,3/0,3/1,4/2,4/3,12/3,13/3,14/3,14/3,15/4,20/4,21/4,23/4,25/4,31/4,35/5,38/5,43/5,44/7,47/7,51/7,54/7,54/8,67/9,69/9,69/10,N/A,N/A,N/A,N/A,N/A,N/A,N/A,N/A,N/A,N/A,N/A,N/A,N/A,N/A,N/A,N/A,N/A,N/A,N/A,N/A,N/A,N/A,N/A
Match 102,IND Women,ENG Women,3/0,6/0,13/0,18/1,25/1,25/2,27/2,28/3,30/3,37/3,39/3,44/3,54/3,55/3,58/3,61/3,61/5,64/5,66/5,66/5,67/5,72/6,81/6,86/6,88/7,93/7,94/7,96/7,98/7,103/7,108/7,120/7,123/7,129/9,130/9,133/9,134/10,N/A,N/A,N/A,N/A,N/A,N/A,N/A,N/A,N/A,N/A,N/A,N/A,N/A,N/A
Match 103,AUS Women,ENG Women,0/0,4/0,10/0,21/0,23/0,25/0,31/0,32/0,35/1,37/1,39/1,48/1,49/1,52/1,58/1,60/1,67/1,73/1,76/1,77/1,85/1,90/1,92/1,95/1,102/1,111/1,119/1,125/1,132/1,139/1,143/1,154/1,158/1,167/1,172/1,179/1,184/1,197/1,204/1,210/1,222/1,226/1,231/2,246/2,251/2,262/2,275/2,283/2,295/3,310/3,N/A
Match 104,ENG Women,WI Women,5/0,7/0,11/0,14/0,20/0,25/0,33/0,37/0,48/1,52/1,58/1,65/2,71/2,81/2,85/3,90/3,95/3,98/3,109/3,115/3,120/3,124/3,131/3,133/3,135/4,142/4,146/4,150/5,157/5,162/5,165/5,169/5,175/5,175/6,179/6,184/6,188/6,195/6,202/7,207/7,215/7,225/7,228/7,230/8,234/8,241/8,247/9,260/9,260/10,N/A,N/A
Match 105,WI Women,ENG Women,3/0,11/0,13/0,14/0,22/0,29/0,39/0,43/0,43/0,58/0,61/0,67/0,69/0,74/0,77/0,78/0,78/0,79/0,81/0,81/0,81/3,89/3,91/3,92/3,95/3,98/3,98/4,100/4,103/4,105/4,107/4,113/4,122/4,127/4,132/4,135/4,135/4,138/4,147/4,152/4,154/4,156/4,162/4,167/4,178/4,186/4,197/4,208/4,221/5,225/6,N/A
Match 106,NZ Women,ENG Women,9/0,17/0,23/0,29/0,31/0,40/0,44/0,45/0,48/0,52/0,58/0,62/1,65/1,66/1,68/1,72/1,73/1,74/1,81/1,84/1,85/1,91/1,96/2,99/2,101/2,104/2,106/2,119/2,124/2,130/2,135/3,136/3,137/4,139/4,144/4,147/4,150/4,155/5,155/6,161/7,163/8,170/8,177/8,182/8,184/9,186/9,188/9,192/9,203/10,N/A,N/A
Match 107,SA Women,WI Women,1/0,6/0,7/0,9/0,11/0,29/0,33/0,36/0,37/0,39/0,42/0,44/0,47/0,50/0,50/0,53/0,58/1,58/2,60/3,62/3,67/3,75/3,83/3,85/3,90/3,95/4,96/4,104/4,109/4,111/4,117/4,120/5,125/5,130/5,138/5,142/6,147/7,151/9,152/9,158/9,160/10,N/A,N/A,N/A,N/A,N/A,N/A,N/A,N/A,N/A,N/A
Match 108,WI Women,NZ Women,1/0,3/0,6/0,9/1,11/1,16/1,20/1,23/1,24/1,29/2,30/3,31/3,33/3,35/3,36/3,38/3,38/3,41/3,44/3,47/3,48/3,57/3,60/3,67/3,68/4,68/5,71/5,73/5,75/5,78/5,81/5,84/5,87/5,93/5,104/5,115/5,115/6,126/6,129/7,130/7,135/7,137/7,140/7,143/7,147/7,156/7,165/7,166/8,167/9,169/9,N/A
Match 109,IRE Women,PAK Women,1/0,1/0,5/0,8/0,11/0,17/0,21/0,24/0,35/0,37/0,43/0,49/0,56/0,59/0,65/0,69/0,72/0,74/0,77/0,81/0,84/0,84/1,90/1,97/1,100/1,106/1,107/1,114/1,125/1,130/1,133/1,138/1,148/1,150/2,153/3,157/3,161/3,166/4,171/4,183/4,188/4,194/4,200/4,202/5,206/5,208/6,211/7,216/7,217/9,225/10,N/A
Match 110,SA Women,AUS Women,2/0,12/0,14/0,16/0,19/0,25/0,30/0,32/0,36/0,41/0,48/0,53/0,53/0,58/0,64/0,71/0,76/0,79/0,84/0,88/1,90/1,90/1,94/1,100/1,109/1,116/1,117/1,122/2,125/2,126/2,130/2,138/2,143/2,148/2,155/2,164/2,168/2,180/2,186/2,193/2,199/2,206/2,211/3,218/4,226/4,228/5,236/5,246/5,258/5,271/5,N/A
Match 111,IRE Women,PAK Women,3/1,16/1,20/1,23/1,26/1,27/1,27/2,35/2,37/2,41/2,44/3,52/3,53/3,59/3,61/3,64/3,73/3,74/3,74/3,77/3,84/3,85/3,91/4,101/4,105/5,110/5,111/5,116/5,121/5,125/7,128/7,133/7,139/7,142/7,145/7,146/7,151/7,154/7,157/7,169/7,173/7,181/7,182/8,183/8,185/8,192/8,194/9,194/10,N/A,N/A,N/A
Match 112,ENG Women,WI Women,9/0,15/0,20/0,29/0,36/0,44/0,47/0,49/0,56/0,61/0,62/0,64/1,65/2,73/3,76/3,83/3,84/4,92/4,96/4,100/4,107/4,113/4,117/4,120/4,132/4,141/4,158/4,166/4,167/4,176/5,179/5,190/5,199/5,213/5,217/5,220/6,219/7,223/7,229/7,235/8,243/8,251/8,251/9,256/10,N/A,N/A,N/A,N/A,N/A,N/A,N/A
Match 113,IND Women,NZ Women,10/0,15/0,23/0,39/0,40/0,47/0,53/0,63/0,67/0,86/0,94/0,99/0,100/1,110/1,116/1,123/1,126/1,129/1,131/1,135/2,140/2,147/2,149/3,155/3,158/3,160/3,162/3,166/4,173/4,177/4,184/4,186/4,193/5,195/5,198/5,205/5,212/6,220/6,222/6,225/6,232/6,238/6,245/6,246/7,250/7,257/7,264/8,270/8,278/9,279/10,N/A
Match 114,WI Women,NZ Women,1/0,2/0,10/0,19/0,27/0,29/0,36/1,41/1,42/1,48/1,49/2,51/2,56/2,64/3,65/3,65/4,65/4,67/4,72/4,72/4,76/5,80/5,85/5,91/5,102/5,107/5,112/5,118/5,125/5,132/5,140/5,147/5,152/5,158/7,168/7,N/A,N/A,N/A,N/A,N/A,N/A,N/A,N/A,N/A,N/A,N/A,N/A,N/A,N/A,N/A,N/A
Match 115,SA Women,BAN Women,6/0,7/0,10/0,15/0,17/0,26/0,30/0,32/1,32/1,35/1,43/1,44/1,48/1,52/1,56/1,58/1,64/1,65/1,67/1,69/2,75/3,75/3,76/3,77/3,81/3,88/3,92/3,95/3,99/3,101/4,110/4,113/4,119/4,120/5,123/5,127/5,132/5,141/5,148/5,153/5,161/5,166/5,174/5,187/5,191/6,195/7,198/7,202/8,204/9,207/10,N/A
Match 116,WI Women,SA Women,1/0,2/0,11/0,17/0,20/1,21/1,27/1,40/1,41/1,48/1,57/1,61/1,64/1,65/1,67/1,69/1,70/1,71/1,72/1,76/1,80/1,84/1,88/2,93/2,95/2,98/2,104/2,105/3,105/3,106/3,107/4,107/4,111/4,111/4,118/4,122/5,125/6,131/6,132/6,140/6,147/6,150/6,150/7,152/7,153/8,154/8,160/9,169/9,174/9,174/10,N/A
Match 117,PAK Women,ENG Women,3/1,5/1,8/1,11/2,11/2,19/2,22/2,23/2,27/2,28/2,29/2,31/2,33/2,34/3,42/3,42/3,42/3,46/3,48/3,51/3,53/3,53/3,53/4,57/4,59/5,62/5,62/5,65/5,71/5,74/5,75/5,78/5,84/6,87/6,92/6,92/6,94/6,95/7,99/8,102/9,105/9,105/10,N/A,N/A,N/A,N/A,N/A,N/A,N/A,N/A,N/A
Match 118,SL Women,PAK Women,3/1,4/2,4/2,5/2,10/2,14/2,15/2,20/2,21/2,30/2,35/2,41/2,44/2,51/2,57/2,60/2,63/2,74/2,82/2,87/2,99/2,106/2,111/2,117/2,119/2,122/2,125/2,134/2,141/2,154/2,156/3,161/3,162/3,171/3,177/3,183/3,187/3,191/3,197/3,201/3,207/3,207/3,213/3,218/4,220/5,224/5,230/5,238/5,247/5,260/7,N/A
Match 119,IND Women,AUS Women,3/0,10/0,11/0,15/1,27/1,28/2,30/2,33/2,38/2,39/2,44/2,60/2,63/2,67/2,75/2,75/2,76/2,83/2,86/2,90/2,93/2,101/2,105/2,113/2,115/2,123/2,126/2,135/2,141/2,144/2,157/2,162/3,166/3,172/3,176/3,181/3,185/3,192/4,196/4,200/4,212/4,213/5,215/6,219/6,225/6,242/6,251/6,257/6,269/6,277/7,N/A
Match 120,SA Women,ENG Women,1/0,10/0,12/0,14/0,15/0,25/0,26/1,34/1,34/2,39/2,41/2,44/2,46/2,48/2,51/2,52/2,52/3,53/3,54/3,62/3,66/3,69/3,73/4,76/4,84/4,88/4,94/4,102/4,104/4,109/5,116/5,122/5,126/5,130/5,133/5,141/5,145/5,153/5,160/5,175/5,179/5,184/5,192/5,200/5,205/5,208/7,213/8,218/10,N/A,N/A,N/A
Match 121,NZ Women,IND Women,1/0,4/0,14/0,22/0,26/0,31/1,39/1,41/1,45/1,49/1,60/1,65/1,77/1,81/1,83/1,88/1,91/1,95/1,97/2,102/2,105/2,112/2,115/2,121/2,126/3,127/3,134/3,136/3,139/4,143/4,147/4,153/4,165/4,170/4,177/4,179/5,187/6,189/6,194/6,194/6,199/6,209/6,212/6,218/6,221/6,225/7,229/7,234/8,241/8,251/9,N/A
Match 122,SA Women,IRE Women,3/0,6/0,9/0,14/0,16/0,17/0,19/1,20/1,24/1,29/1,40/1,43/1,54/1,58/2,62/2,64/2,71/2,76/2,79/2,89/2,95/2,102/2,107/2,117/2,120/2,125/2,131/2,136/2,143/2,151/2,156/2,161/2,165/2,165/2,169/2,173/2,181/2,190/2,192/2,198/2,214/2,221/2,229/2,234/2,236/3,246/3,256/3,261/5,273/5,278/5,N/A
Match 123,ENG Women,BAN Women,7/0,11/0,13/0,14/0,18/1,20/1,24/1,30/2,32/2,37/2,39/2,43/2,44/2,47/2,51/2,54/2,60/2,64/2,68/2,70/2,74/2,78/2,83/2,86/2,86/3,96/4,100/4,107/4,108/4,112/4,119/4,121/4,125/4,128/4,129/4,134/4,141/4,143/4,151/4,155/4,167/4,168/4,172/5,180/5,187/5,201/5,210/5,214/6,221/6,234/6,N/A
Match 124,IRE Women,SCO Women,4/0,5/0,6/0,11/0,12/0,17/0,17/0,21/0,28/0,31/1,34/1,37/1,40/1,44/1,48/1,55/1,65/1,65/1,71/1,74/1,85/1,87/1,94/1,106/1,107/2,108/2,111/3,115/3,124/3,129/3,138/3,142/3,145/3,156/3,157/4,159/4,169/6,174/6,178/6,182/6,185/6,192/6,195/6,200/6,203/6,210/7,219/7,228/7,235/9,239/10,N/A
Match 125,BAN Women,SA Women,4/0,11/0,12/0,23/0,25/0,34/0,36/0,44/0,50/0,56/0,58/0,60/0,61/0,66/0,67/1,70/1,75/1,77/1,87/1,88/1,92/1,92/1,94/1,102/1,103/1,110/1,110/2,112/2,113/2,120/2,122/2,123/2,134/2,141/2,145/2,146/2,157/2,166/2,173/2,180/2,190/2,190/3,200/3,204/3,211/3,216/3,223/3,232/3,239/3,250/3,N/A
Match 126,PAK Women,BAN Women,8/0,8/0,8/0,11/0,12/0,13/0,21/0,24/0,26/0,33/0,36/0,38/0,43/0,46/0,46/0,48/0,54/0,62/0,65/0,65/1,67/1,68/1,70/1,71/1,73/1,75/1,79/1,80/1,86/1,92/1,93/2,96/2,99/2,102/2,103/3,105/3,106/4,109/4,112/4,119/4,122/5,124/5,125/6,132/7,142/7,147/7,153/8,155/9,158/9,166/9,N/A
Match 127,SA Women,PAK Women,12/0,13/0,27/0,38/1,44/2,47/2,52/2,59/2,64/2,68/3,74/3,78/3,78/3,81/3,85/3,90/3,92/3,95/3,100/3,103/3,109/3,117/3,122/3,127/3,130/3,131/3,138/3,146/3,149/3,163/3,169/3,174/3,178/3,181/3,190/3,200/3,206/3,211/3,221/3,231/3,232/3,240/3,244/3,249/4,253/4,260/4,265/4,275/4,287/4,292/4,N/A
Match 128,IRE Women,WI Women (did not bat),N/A,N/A,N/A,N/A,N/A,N/A,N/A,N/A,N/A,N/A,N/A,N/A,N/A,N/A,N/A,N/A,N/A,N/A,N/A,N/A,N/A,N/A,N/A,N/A,N/A,N/A,N/A,N/A,N/A,N/A,N/A,N/A,N/A,N/A,N/A,N/A,N/A,N/A,N/A,N/A,N/A,N/A,N/A,N/A,N/A,N/A,N/A,N/A,N/A,N/A,N/A
Match 129,AUS Women,PAK Women,3/0,8/0,10/0,16/0,17/0,18/0,19/0,28/1,29/1,35/1,41/1,56/1,61/1,63/1,69/1,80/1,87/1,93/1,97/1,103/1,105/1,116/1,121/1,128/1,138/1,153/1,162/1,174/1,178/1,182/2,187/2,190/2,197/2,206/2,229/2,237/3,240/3,243/3,252/4,252/4,261/4,269/4,280/4,285/5,296/5,317/5,319/6,321/8,330/8,336/9,N/A
Match 130,IND Women,BAN Women,0/0,1/0,7/0,17/0,21/1,24/1,29/1,30/1,36/1,40/1,45/2,47/2,49/2,52/2,53/2,58/2,60/2,65/2,65/2,67/2,68/2,71/3,75/3,76/3,83/3,90/3,95/3,103/3,107/3,111/3,115/3,119/3,128/3,132/3,135/3,140/3,146/3,150/3,153/3,161/3,168/3,170/3,175/3,179/3,189/3,198/3,204/4,212/4,224/5,228/8,N/A
Match 131,AUS Women,ENG Women,10/1,14/1,20/1,22/1,27/1,32/1,39/1,41/1,46/1,62/1,64/1,69/1,70/2,74/2,79/2,85/2,95/2,98/2,104/2,106/2,107/3,114/3,118/3,125/3,127/3,129/3,132/3,136/3,141/3,144/4,153/4,156/4,162/4,169/4,181/4,184/4,186/6,189/6,192/6,196/6,202/6,211/6,214/6,216/6,220/6,227/6,234/6,246/7,255/7,263/8,N/A
Match 132,NZ Women,SA Women,5/0,10/0,12/0,13/0,16/0,19/0,25/0,30/0,31/0,36/0,37/0,39/0,45/0,48/0,51/1,59/1,66/2,69/2,76/2,82/2,86/2,94/2,100/2,112/2,119/2,125/2,132/2,137/2,148/2,153/2,158/3,172/3,174/4,175/5,176/5,177/5,179/6,184/7,187/7,193/7,197/7,201/8,202/8,205/8,214/8,226/8,235/8,240/8,251/8,253/10,N/A
Match 133,WI Women,AUS Women,0/0,0/1,0/1,1/2,3/2,5/2,5/3,5/3,9/3,14/3,16/3,16/3,19/3,27/3,28/3,30/4,34/4,39/5,51/5,53/6,57/6,62/6,68/7,68/8,71/9,78/9,83/9,83/10,N/A,N/A,N/A,N/A,N/A,N/A,N/A,N/A,N/A,N/A,N/A,N/A,N/A,N/A,N/A,N/A,N/A,N/A,N/A,N/A,N/A,N/A,N/A
Match 134,AUS Women,IND Women,1/0,5/0,6/0,10/0,16/0,22/0,33/0,35/0,40/0,49/1,56/1,59/1,62/1,65/1,76/1,77/1,83/1,88/1,95/1,98/1,105/1,112/1,115/1,118/2,124/2,125/2,129/2,133/3,140/3,143/3,148/3,151/3,157/3,160/4,166/4,170/4,171/5,177/5,179/5,185/6,189/6,193/6,200/6,205/6,216/6,219/8,229/8,233/8,240/8,258/8,N/A
Match 135,SA Women,NZ Women,0/0,4/0,7/0,12/0,14/0,20/1,23/1,28/1,31/1,36/1,43/2,45/3,51/3,54/3,59/3,64/3,67/3,72/4,77/4,84/4,87/4,95/4,98/4,107/4,115/4,120/4,122/4,125/5,130/5,131/5,133/5,135/5,139/5,141/6,146/6,154/6,159/6,169/6,171/6,176/6,181/7,184/7,198/8,208/9,209/10,N/A,N/A,N/A,N/A,N/A,N/A
Match 136,ENG Women,SL Women,5/0,5/1,11/1,18/1,27/2,28/2,41/2,57/2,67/2,72/2,87/2,99/2,104/2,116/2,131/2,141/2,156/2,168/2,175/2,182/2,187/2,198/2,202/2,211/2,226/3,233/4,240/4,244/5,257/6,265/7,273/8,N/A,N/A,N/A,N/A,N/A,N/A,N/A,N/A,N/A,N/A,N/A,N/A,N/A,N/A,N/A,N/A,N/A,N/A,N/A,N/A
Match 137,BAN Women,IND Women,1/0,5/0,7/0,11/0,23/0,25/0,26/0,30/0,30/0,32/0,34/0,36/0,43/0,47/0,54/0,55/0,61/0,64/0,67/0,71/0,74/0,77/0,78/0,81/0,84/0,91/0,95/1,98/1,103/1,113/1,116/1,128/1,135/1,141/1,141/1,146/1,149/1,151/1,158/1,163/1,166/2,169/3,172/3,177/3,189/3,193/3,202/3,210/3,219/3,225/4,N/A
Match 138,ENG Women,AUS Women,1/0,6/0,8/1,12/2,13/2,19/2,28/2,31/2,40/2,43/2,47/2,52/2,56/2,63/2,68/2,80/2,84/2,90/2,92/2,92/2,95/2,97/2,100/2,113/2,121/2,125/2,130/2,139/2,141/2,149/2,158/2,160/3,168/3,168/3,170/3,173/3,178/4,185/4,192/4,198/4,210/4,219/4,226/4,244/4,251/5,256/5,261/6,274/7,280/8,285/9,N/A
Match 139,SL Women,BAN Women,5/0,7/0,9/0,15/0,22/0,31/0,38/0,45/0,45/0,50/0,57/1,59/1,61/1,72/1,84/1,93/1,103/1,103/2,106/2,111/2,121/2,125/2,128/3,135/3,143/3,147/4,152/4,156/4,167/4,186/5,N/A,N/A,N/A,N/A,N/A,N/A,N/A,N/A,N/A,N/A,N/A,N/A,N/A,N/A,N/A,N/A,N/A,N/A,N/A,N/A,N/A
Match 140,WI Women,AUS Women,1/0,7/0,8/0,9/1,10/1,15/1,27/1,29/2,31/2,32/2,36/2,39/3,41/4,47/6,48/6,52/6,56/6,66/6,69/6,71/7,72/7,74/7,75/7,80/7,81/7,84/7,92/8,95/8,98/8,102/8,102/8,103/10,N/A,N/A,N/A,N/A,N/A,N/A,N/A,N/A,N/A,N/A,N/A,N/A,N/A,N/A,N/A,N/A,N/A,N/A,N/A
Match 141,NZ Women,PAK Women,0/0,4/0,12/0,15/0,22/0,23/0,35/0,42/0,47/0,51/0,55/0,62/0,68/0,75/0,80/0,88/0,97/0,103/0,106/0,115/0,118/0,127/0,135/0,146/0,161/0,165/1,167/1,175/1,179/1,185/1,191/1,200/1,203/1,210/1,215/1,227/1,233/1,241/1,250/2,262/2,267/2,275/2,285/2,290/2,298/2,306/2,325/2,352/2,357/3,365/4,N/A
Match 142,NZ Women,SA Women,5/0,5/0,5/1,6/1,7/1,13/1,13/2,16/2,22/2,23/2,26/2,27/3,28/3,30/3,38/4,43/4,46/4,47/4,53/4,55/5,57/5,58/5,63/5,71/5,75/5,77/5,80/5,88/5,90/5,93/5,95/5,104/5,108/5,114/5,124/5,135/5,140/5,147/5,150/5,156/5,170/5,172/5,176/6,179/6,187/6,193/6,199/6,205/7,217/8,235/8,N/A
Match 143,PAK Women,AUS Women,0/0,5/1,10/1,13/1,13/1,17/1,19/1,28/1,33/1,34/1,40/1,42/1,43/2,45/2,49/2,56/2,60/2,60/3,64/3,67/3,69/3,76/3,82/3,85/4,85/4,89/5,94/5,97/5,102/5,103/6,103/6,103/6,108/6,108/6,111/6,112/6,114/6,114/7,115/7,117/7,119/8,120/8,125/10,N/A,N/A,N/A,N/A,N/A,N/A,N/A,N/A
Match 144,SA Women,PAK Women,2/1,4/1,8/1,12/1,17/1,30/1,35/1,35/1,38/1,43/1,49/1,54/2,63/2,63/2,63/2,63/3,64/4,67/4,70/4,71/4,72/4,80/4,84/4,86/4,88/4,96/4,99/4,100/5,103/5,104/5,110/5,120/5,124/5,132/5,133/5,134/5,141/6,144/6,145/6,153/8,154/8,156/8,162/9,171/9,172/9,179/9,182/9,185/9,185/10,N/A,N/A
Match 145,PAK Women,AUS Women,0/0,4/1,6/1,13/1,19/1,19/2,25/2,35/2,42/3,45/3,53/3,57/3,58/3,69/3,75/3,78/3,82/3,84/4,86/4,87/4,88/4,90/4,93/4,100/4,105/4,107/4,107/5,109/5,109/5,113/5,119/6,121/6,122/6,125/6,130/6,130/7,135/7,142/7,152/7,160/8,N/A,N/A,N/A,N/A,N/A,N/A,N/A,N/A,N/A,N/A,N/A
Match 146,IRE Women,AUS Women,2/0,10/0,13/1,22/2,24/2,26/2,30/2,31/2,36/2,38/2,39/2,42/2,47/2,53/2,61/2,67/2,73/2,76/2,78/2,85/2,88/2,89/3,94/3,98/3,107/3,114/3,121/3,123/3,128/3,131/3,142/3,144/3,146/3,148/3,155/3,159/3,160/4,168/4,177/4,180/4,186/4,190/4,195/5,196/6,202/6,204/7,209/7,216/8,217/10,N/A,N/A
Match 147,IRE Women,SCO Women,1/0,4/0,5/0,6/0,7/0,17/0,20/0,23/0,24/0,27/0,30/0,38/0,38/0,48/0,56/0,60/1,64/1,67/1,70/1,81/1,87/1,95/1,102/1,106/1,115/1,126/1,127/1,137/2,141/2,148/2,151/2,155/2,155/2,162/2,166/2,172/2,173/2,180/2,185/2,188/2,194/3,197/3,208/3,216/3,223/4,233/4,247/4,258/5,264/6,270/6,N/A
Match 148,SCO Women,IRE Women,4/0,12/0,14/0,18/1,19/1,20/1,22/1,28/1,33/1,38/1,40/1,42/1,48/1,52/1,59/1,63/1,76/1,81/1,87/3,90/3,94/3,96/3,102/3,106/3,116/3,119/3,124/4,128/4,132/4,134/4,140/4,147/5,150/5,157/5,163/5,171/5,174/5,185/5,188/7,191/8,194/8,196/8,200/8,202/9,207/9,207/9,211/9,211/10,N/A,N/A,N/A
Match 149,AUS Women,ENG Women,1/0,7/1,15/1,24/1,27/1,31/2,36/2,46/2,53/2,59/2,62/2,64/2,66/2,67/2,71/2,76/2,81/2,86/2,90/3,99/3,102/3,102/4,108/4,110/4,119/4,129/4,132/4,136/4,139/4,142/4,144/4,152/4,158/4,162/5,164/5,176/5,184/5,185/5,190/5,197/5,200/5,206/5,223/5,229/5,234/5,238/5,240/7,251/7,256/7,282/7,N/A
Match 150,IND Women,AUS Women,7/0,12/0,13/1,17/1,23/1,28/1,36/1,43/2,44/2,49/2,54/2,56/2,57/3,61/3,69/3,83/3,87/3,89/3,93/3,96/4,98/4,111/4,119/4,119/4,131/4,133/4,135/5,144/5,147/5,151/5,158/5,163/5,166/5,170/5,175/5,179/5,181/6,184/7,190/7,200/7,211/7,216/7,219/7,226/7,234/7,247/7,255/8,262/8,277/8,282/8,N/A
Match 151,IRE Women,WI Women,2/0,8/0,11/0,16/0,20/1,24/1,31/1,35/1,45/2,49/2,55/2,58/2,61/3,61/3,64/3,65/3,70/4,73/4,76/4,78/4,81/4,83/5,88/5,91/5,95/5,95/5,101/5,103/5,104/5,110/6,111/7,114/7,121/7,129/7,131/7,136/7,140/7,143/7,146/7,153/8,156/8,157/8,160/8,169/8,172/8,185/8,188/8,193/8,196/8,203/10,N/A
Match 152,SA Women,BAN Women,4/0,7/0,12/0,19/0,21/0,31/0,39/0,46/0,50/0,60/0,65/0,72/0,78/0,87/0,89/0,92/0,97/0,100/0,103/0,109/0,112/0,117/0,121/0,124/0,129/0,133/0,142/0,147/0,152/0,157/0,160/0,169/0,171/0,180/0,184/0,188/0,190/0,198/0,202/0,212/0,229/0,243/0,249/1,253/2,263/2,270/2,279/2,297/2,299/4,316/4,N/A
Match 153,BAN Women,PAK Women,2/0,5/0,7/0,8/0,8/0,9/0,13/0,14/2,15/2,15/3,21/3,23/3,23/3,27/4,33/4,35/4,41/4,42/4,43/4,46/4,47/5,52/5,58/5,60/5,60/6,62/6,62/6,66/7,68/8,72/9,73/9,81/10,N/A,N/A,N/A,N/A,N/A,N/A,N/A,N/A,N/A,N/A,N/A,N/A,N/A,N/A,N/A,N/A,N/A,N/A,N/A
Match 154,NZ Women,SL Women,1/0,5/0,7/1,14/1,16/1,29/1,30/1,40/1,53/1,57/2,62/2,68/2,75/2,82/2,87/2,90/2,98/2,109/2,113/2,118/2,125/2,133/2,139/2,144/2,150/2,154/2,162/2,175/2,181/2,185/2,193/2,198/2,205/2,214/2,221/2,227/2,232/2,239/2,242/2,243/2,250/2,264/2,286/2,290/3,296/4,300/5,304/5,310/6,320/6,329/7,N/A
Match 155,AUS Women,IRE Women,1/0,5/0,17/0,22/0,22/1,31/1,39/1,47/1,54/1,58/1,59/3,60/3,67/3,67/3,73/3,79/3,83/3,94/3,96/3,101/3,113/3,122/3,124/3,131/3,133/3,137/3,149/3,154/3,157/3,168/4,176/4,180/4,183/4,200/4,202/4,213/4,219/5,222/5,225/5,232/5,239/5,259/5,264/6,267/6,270/6,275/6,288/6,298/7,306/7,321/7,N/A
Match 156,BAN Women,IND Women,2/0,3/0,9/0,9/0,14/0,14/0,14/0,14/1,14/2,14/2,19/2,20/2,21/2,32/2,40/2,45/2,50/2,55/2,58/2,61/2,64/3,64/3,69/3,73/3,77/3,81/4,82/4,88/4,96/4,103/4,104/5,104/5,106/5,110/6,117/7,125/7,131/7,133/7,137/7,142/8,143/8,149/8,152/10,N/A,N/A,N/A,N/A,N/A,N/A,N/A,N/A
Match 157,NZ Women,SL Women,6/0,8/0,10/0,17/0,18/1,23/1,30/1,35/1,41/1,45/1,51/1,59/1,64/1,73/1,77/2,83/2,89/2,90/3,103/3,106/4,111/4,124/4,128/4,139/4,146/4,159/4,166/4,170/5,N/A,N/A,N/A,N/A,N/A,N/A,N/A,N/A,N/A,N/A,N/A,N/A,N/A,N/A,N/A,N/A,N/A,N/A,N/A,N/A,N/A,N/A,N/A
Match 158,SL Women,ENG Women,5/0,6/0,12/0,16/0,22/1,22/1,27/2,30/2,31/2,37/2,40/3,47/3,50/3,55/3,61/3,66/4,68/4,74/4,78/4,80/6,86/6,95/6,95/7,96/7,98/7,101/8,101/8,101/9,104/9,106/9,106/10,N/A,N/A,N/A,N/A,N/A,N/A,N/A,N/A,N/A,N/A,N/A,N/A,N/A,N/A,N/A,N/A,N/A,N/A,N/A,N/A
Match 159,BAN Women,SA Women,5/0,7/0,8/0,13/0,14/0,23/0,25/0,26/0,34/0,38/0,45/0,47/0,48/1,52/1,56/1,62/1,63/2,65/2,69/2,80/2,83/2,86/2,93/2,97/2,100/2,102/2,106/2,112/2,113/2,116/2,121/2,123/3,128/3,128/3,134/3,145/3,147/3,156/3,157/3,161/3,165/3,172/3,178/3,184/3,187/3,192/3,196/3,205/3,212/3,222/4,N/A
Match 160,PAK Women,NZ Women,0/1,3/1,9/1,10/1,13/1,17/2,19/2,21/2,24/2,27/2,32/3,35/4,36/4,39/4,41/4,44/4,48/4,51/4,53/4,59/4,63/4,68/4,73/4,78/4,82/4,83/4,85/4,90/4,98/4,103/4,107/4,111/4,116/4,124/4,128/5,131/5,134/5,138/5,142/5,152/5,159/5,164/5,167/5,173/5,177/5,190/5,191/7,201/8,213/8,220/10,N/A
Match 161,NZ Women,PAK Women,5/0,5/0,8/0,9/0,13/0,15/0,19/0,22/1,23/1,23/1,26/1,31/1,38/1,42/1,43/2,46/2,51/2,61/2,61/2,76/2,84/2,91/2,95/2,101/3,104/3,108/3,113/3,120/3,125/3,133/3,139/3,143/3,148/3,152/3,156/3,162/3,169/3,172/4,177/5,180/5,183/5,187/5,194/5,199/6,207/6,217/6,226/6,231/6,243/7,251/8,N/A
Match 162,BAN Women,PAK Women,6/0,7/0,10/0,15/0,21/0,25/1,27/1,27/1,28/1,28/1,32/1,37/1,37/1,40/1,42/1,43/2,44/2,46/2,48/2,49/2,55/2,56/2,59/2,62/2,63/2,69/2,72/2,73/2,83/2,88/2,90/2,92/3,99/3,103/3,109/3,112/3,116/3,119/3,122/4,123/4,128/4,131/4,133/5,136/6,140/6,142/6,148/6,153/7,163/8,169/9,N/A
Match 163,WI Women,IRE Women,13/0,16/0,19/0,21/0,25/0,29/0,31/0,34/0,35/0,36/1,36/1,41/1,46/1,54/1,65/1,74/1,80/1,86/1,93/1,96/1,101/1,111/1,119/1,126/1,131/1,135/1,137/1,146/1,150/1,154/1,171/1,174/1,181/1,187/1,194/2,198/3,204/4,209/4,215/4,221/4,227/4,231/4,242/5,249/5,261/5,268/5,271/5,280/5,287/6,297/6,N/A
Match 164,PAK Women,SA Women,2/0,4/0,10/0,10/0,10/0,12/0,12/0,18/2,20/2,21/3,24/3,24/3,26/4,30/4,40/4,45/5,49/5,51/6,57/6,61/6,63/6,69/6,74/6,81/6,88/6,91/6,95/6,97/6,100/6,104/6,106/6,109/6,109/6,115/6,120/6,120/6,125/6,130/6,133/6,141/6,150/6,163/6,165/7,168/8,168/10,N/A,N/A,N/A,N/A,N/A,N/A
Match 165,NZ Women,SL Women,1/0,2/0,7/0,7/0,12/1,17/1,21/1,21/1,25/1,26/1,28/1,33/1,36/1,39/1,46/1,52/1,55/2,60/2,65/2,69/2,75/2,79/2,85/2,91/2,96/2,99/2,103/2,108/2,116/2,122/2,127/2,N/A,N/A,N/A,N/A,N/A,N/A,N/A,N/A,N/A,N/A,N/A,N/A,N/A,N/A,N/A,N/A,N/A,N/A,N/A,N/A
Match 166,ENG Women,NZ Women,4/0,8/0,9/0,9/0,14/0,20/0,28/0,35/0,39/1,44/1,50/1,53/1,59/1,60/1,65/1,74/1,76/1,82/1,84/1,86/1,94/1,98/1,102/1,107/2,110/2,114/3,116/3,118/3,121/3,128/3,141/3,148/4,152/4,159/5,163/5,166/6,172/7,175/7,182/7,189/7,192/8,195/8,198/8,212/8,213/8,225/8,237/8,246/9,252/10,N/A,N/A
Match 167,IRE Women,ENG Women,1/1,5/1,6/1,8/1,17/1,26/2,29/2,30/2,35/2,39/2,42/2,46/2,54/2,61/2,64/2,72/2,75/3,77/3,85/3,88/3,90/3,94/3,100/3,111/3,119/3,124/3,126/3,136/3,138/3,149/3,151/4,157/4,162/4,165/4,167/5,171/5,172/5,173/6,176/6,178/6,181/6,189/6,196/6,200/6,203/8,208/8,210/10,N/A,N/A,N/A,N/A
Match 168,AUS Women,IND Women,4/0,7/0,14/0,19/0,29/0,34/0,37/0,49/0,50/0,59/0,65/0,71/0,79/0,85/0,94/0,98/0,107/0,112/0,123/0,134/1,145/1,146/1,156/1,162/1,169/1,177/1,182/1,185/1,195/1,200/1,208/1,222/1,224/2,232/2,236/2,239/2,252/2,265/2,277/2,283/2,295/2,306/2,313/2,321/3,327/4,332/5,341/7,346/7,355/8,371/8,N/A
Match 169,IRE Women,SL Women,2/0,3/0,4/0,8/0,10/0,16/1,20/1,20/1,22/1,31/1,42/1,44/1,52/1,55/2,59/2,65/2,72/2,80/3,84/3,87/3,95/3,95/3,100/3,104/3,107/3,108/3,113/3,119/3,127/3,134/3,135/4,137/4,141/4,145/4,151/4,154/4,165/4,169/4,173/4,177/4,184/4,192/4,198/4,205/4,212/4,221/4,230/4,240/4,248/4,255/5,N/A
Match 170,NZ Women,IND Women,1/0,2/0,5/0,6/0,14/0,23/0,25/1,31/2,31/2,35/2,36/3,41/3,46/3,46/3,46/3,51/3,58/3,64/3,66/4,71/4,77/4,81/4,88/4,88/5,89/5,95/5,99/5,103/5,106/5,108/5,114/5,118/5,123/5,126/5,135/5,142/5,143/5,152/5,152/6,156/6,161/6,162/6,176/6,186/6,193/6,200/7,208/7,216/8,226/9,232/10,N/A
Match 171,SA Women,AUS Women,5/1,5/1,6/1,6/1,10/1,15/1,15/1,24/1,26/1,32/1,43/1,54/1,55/2,59/2,66/2,71/3,72/3,77/3,81/3,84/3,93/3,99/3,101/3,109/3,117/3,118/4,118/4,126/4,136/4,143/4,149/4,153/5,156/5,158/5,163/5,169/5,172/5,182/5,185/5,189/5,197/5,198/6,205/6,223/6,229/6,N/A,N/A,N/A,N/A,N/A,N/A
Match 172,ZIM Women,IRE Women,1/0,3/0,4/1,10/1,15/1,15/1,17/1,22/1,26/1,30/1,34/1,38/1,40/2,43/3,43/3,45/3,53/3,55/3,65/3,66/3,72/3,78/3,84/3,87/4,93/5,94/5,96/5,101/5,108/5,114/5,116/6,125/6,130/7,132/7,142/7,144/7,147/7,149/7,155/7,157/8,163/8,165/8,170/10,N/A,N/A,N/A,N/A,N/A,N/A,N/A,N/A
Match 173,IRE Women,BAN Women,5/0,7/0,9/0,9/1,13/1,16/1,21/1,24/1,34/1,35/1,36/2,38/2,38/2,42/2,45/2,47/2,48/2,56/2,57/2,61/2,64/2,68/2,71/2,78/2,85/2,87/2,90/2,97/2,103/2,112/2,114/2,119/2,121/2,126/2,127/4,132/4,133/4,135/4,137/4,141/4,142/4,146/4,149/4,154/5,155/5,159/5,170/5,175/5,183/5,193/6,N/A
Match 174,AUS Women,IND Women,3/0,7/0,15/0,22/0,27/0,37/0,45/0,48/0,54/0,55/0,60/0,72/0,79/0,90/0,93/0,100/0,104/0,106/0,114/0,120/0,130/0,138/0,149/0,162/0,168/0,175/0,182/0,185/0,193/1,195/1,201/1,209/1,211/2,212/2,216/2,223/4,234/4,240/4,250/4,256/5,262/5,266/5,271/5,279/5,288/5,295/6,299/7,308/7,319/7,338/7,N/A
Match 175,NZ Women,ENG Women,5/0,8/0,8/0,8/0,8/1,10/2,14/2,20/2,20/2,26/2,34/2,34/2,34/2,40/2,45/2,51/2,55/2,56/3,60/3,60/3,61/3,65/3,68/3,74/3,78/3,80/3,86/3,95/3,100/3,107/3,114/3,115/4,121/4,121/4,122/5,123/5,124/6,124/7,124/9,129/9,139/9,141/10,N/A,N/A,N/A,N/A,N/A,N/A,N/A,N/A,N/A
Match 176,IRE Women,SL Women,1/2,1/2,7/2,9/2,10/3,10/3,12/3,13/4,15/4,15/4,22/4,24/4,24/4,25/4,28/5,28/5,31/5,31/5,38/5,39/5,40/5,42/5,48/5,49/5,57/5,62/5,63/5,63/5,64/5,69/6,70/7,75/7,76/7,81/7,82/8,84/8,89/8,92/8,94/8,99/8,102/8,105/9,110/9,117/9,120/9,122/9,122/10,N/A,N/A,N/A,N/A
Match 177,NZ Women,ENG Women,9/0,17/0,27/0,30/1,40/1,40/1,45/1,46/1,50/1,56/1,64/2,68/3,70/3,75/4,75/5,80/5,80/5,80/5,86/5,95/5,103/6,108/6,109/6,111/6,118/7,124/7,126/8,131/8,134/9,136/9,144/9,145/9,150/9,156/10,N/A,N/A,N/A,N/A,N/A,N/A,N/A,N/A,N/A,N/A,N/A,N/A,N/A,N/A,N/A,N/A,N/A
Match 178,WI Women,PAK Women,5/0,7/0,13/0,15/0,26/0,36/0,37/1,46/1,57/1,64/1,71/1,78/1,81/1,87/1,88/1,95/1,99/1,103/1,107/1,110/1,114/1,118/1,120/1,124/1,130/2,131/2,132/2,135/2,137/2,138/2,143/2,147/2,155/2,163/2,168/2,176/2,181/2,186/2,195/2,206/2,210/2,214/2,222/2,232/2,235/2,242/4,251/5,258/5,270/5,278/6,N/A
Match 179,SL Women,SA Women,1/0,7/0,8/0,13/0,15/0,15/1,16/1,20/1,24/1,27/1,29/1,34/1,40/1,56/1,62/1,69/1,72/1,78/2,79/2,81/2,83/2,85/2,91/2,92/3,93/3,93/3,100/3,109/3,112/3,120/3,125/3,133/3,142/3,149/3,152/3,155/4,162/4,168/4,178/6,182/6,184/6,186/6,194/6,196/6,202/6,206/6,214/7,219/8,225/9,229/10,N/A
Match 180,AUS Women,BAN Women,6/0,8/1,9/1,15/1,16/1,21/2,26/2,27/2,29/3,30/3,31/3,32/3,39/3,39/3,40/3,43/3,46/3,48/3,50/4,55/4,57/4,62/4,67/4,72/4,78/4,79/5,83/5,87/5,90/5,94/5,100/5,111/5,113/6,117/6,117/6,122/6,126/6,134/6,135/6,141/6,146/7,151/7,160/7,162/7,166/7,172/7,175/7,181/7,184/7,213/7,N/A
Match 181,ENG Women,NZ Women,5/0,8/0,19/0,22/1,27/2,27/2,30/2,35/2,39/2,50/2,57/2,58/2,65/2,70/2,72/2,76/2,82/2,83/3,83/4,88/5,88/5,94/5,95/6,97/6,97/6,108/6,111/6,117/6,119/6,122/6,124/6,132/6,136/6,138/6,146/6,150/6,156/6,163/6,168/7,175/7,176/7,180/8,182/8,186/9,188/9,189/9,194/10,N/A,N/A,N/A,N/A
Match 182,ENG Women,SA Women,6/1,12/1,14/1,14/1,20/1,29/1,30/3,31/3,39/3,50/3,50/4,53/4,53/4,61/4,68/4,77/4,78/5,79/5,80/5,84/5,91/5,93/6,96/6,99/6,106/6,114/7,119/7,122/7,132/7,138/7,144/7,148/7,150/7,162/7,172/7,174/8,179/8,185/9,186/10,N/A,N/A,N/A,N/A,N/A,N/A,N/A,N/A,N/A,N/A,N/A,N/A
Match 183,AUS Women,SA Women,0/0,3/0,8/0,12/0,16/0,21/1,21/1,27/1,40/1,44/1,50/1,56/1,67/1,68/1,75/1,82/1,90/1,99/1,99/2,100/2,102/2,106/2,107/2,119/2,125/3,128/3,130/3,137/3,146/3,151/3,153/3,157/3,160/3,162/3,183/3,187/4,192/5,196/5,198/5,200/5,207/5,211/5,218/5,227/5,241/5,244/6,245/7,267/7,273/7,277/9,N/A
Match 184,PAK Women,WI Women,5/0,12/1,12/1,18/1,22/1,23/1,28/1,32/1,38/1,47/1,51/1,54/1,56/1,59/1,63/1,66/1,73/1,75/1,84/1,90/1,91/2,93/2,95/2,102/2,106/2,106/3,114/3,120/3,126/3,129/4,133/4,139/4,143/5,150/5,153/5,159/5,161/5,167/6,179/6,184/6,190/6,197/7,197/7,201/8,206/9,208/9,213/9,216/9,223/10,N/A,N/A
Match 185,NZ Women,ENG Women,5/0,10/0,10/0,13/0,17/0,20/0,22/0,28/0,28/0,30/0,36/0,44/0,47/0,50/0,53/0,55/0,65/0,71/0,77/0,82/0,90/1,93/1,98/1,101/2,103/2,105/2,120/2,124/2,131/2,135/2,139/3,142/3,145/3,148/3,150/4,152/4,152/4,157/5,159/6,165/6,170/6,173/6,182/6,187/6,191/7,197/7,204/8,207/9,207/10,N/A,N/A
Match 186,IND Women,AUS Women,5/0,5/0,9/1,13/1,17/1,18/1,23/2,28/2,34/2,40/2,42/2,43/3,48/3,50/3,52/3,55/3,58/3,61/3,62/4,65/4,67/4,71/4,76/4,80/4,82/4,89/4,91/5,93/6,95/6,96/6,97/7,100/7,100/8,100/9,100/10,N/A,N/A,N/A,N/A,N/A,N/A,N/A,N/A,N/A,N/A,N/A,N/A,N/A,N/A,N/A,N/A
Match 187,IND Women,SA Women,2/0,10/0,15/0,18/1,19/1,27/1,31/1,32/1,38/2,51/2,55/2,57/3,62/3,64/3,72/3,77/3,78/3,83/3,88/3,91/3,96/4,99/5,105/5,108/5,116/5,125/5,131/5,135/5,140/5,142/5,143/5,150/5,157/5,161/5,170/5,172/5,180/5,186/6,190/6,191/6,197/6,201/6,209/6,218/6,228/6,238/6,241/7,249/7,253/8,265/8,N/A
Match 188,IRE Women,ZIM Women,5/0,14/1,16/1,17/1,19/2,26/2,31/2,38/2,41/2,43/2,47/2,47/2,50/2,52/2,56/2,63/3,68/3,71/3,71/3,74/3,75/3,84/3,86/4,90/4,100/4,103/5,105/6,106/6,110/6,113/6,117/6,123/7,128/7,130/7,135/7,137/7,140/7,147/7,150/7,151/7,157/8,158/8,160/9,163/9,170/9,171/9,174/9,180/9,180/10,N/A,N/A
Match 189,SL Women,IRE Women,2/1,4/1,5/1,11/1,12/1,20/1,30/1,35/2,43/2,49/2,50/2,52/2,53/2,58/2,60/2,69/2,74/2,81/2,84/2,89/2,91/2,96/2,107/2,111/2,112/2,124/2,132/2,139/2,145/2,153/2,157/3,163/3,167/3,172/3,178/3,186/3,191/4,194/5,198/5,198/5,207/5,215/5,217/6,221/6,224/7,232/7,243/7,248/7,255/8,260/8,N/A
Match 190,WI Women,PAK Women,0/0,1/0,4/1,4/1,5/1,12/1,17/1,25/1,35/1,43/1,54/1,57/1,63/1,65/1,68/1,73/1,77/1,80/1,80/1,84/1,88/1,96/1,102/1,105/2,106/2,112/3,115/3,120/3,128/3,134/3,136/3,140/4,146/4,149/4,154/4,162/4,173/4,177/4,180/5,192/5,198/5,199/5,202/5,209/5,220/5,229/6,243/7,254/8,263/8,269/8,N/A
Match 191,PAK Women,ENG Women (did not bat),N/A,N/A,N/A,N/A,N/A,N/A,N/A,N/A,N/A,N/A,N/A,N/A,N/A,N/A,N/A,N/A,N/A,N/A,N/A,N/A,N/A,N/A,N/A,N/A,N/A,N/A,N/A,N/A,N/A,N/A,N/A,N/A,N/A,N/A,N/A,N/A,N/A,N/A,N/A,N/A,N/A,N/A,N/A,N/A,N/A,N/A,N/A,N/A,N/A,N/A,N/A
Match 192,ENG Women,PAK Women,4/0,14/0,15/0,17/0,17/0,19/0,31/0,44/1,45/1,53/1,56/2,63/2,70/2,75/3,78/3,83/3,92/3,97/3,99/3,104/3,111/3,120/3,129/3,134/3,142/3,147/3,152/4,158/4,159/4,167/4,172/4,177/4,187/4,190/4,201/4,207/4,215/4,217/5,223/5,227/5,233/5,239/5,242/5,249/5,251/5,253/5,255/5,270/5,290/5,302/5,N/A
Match 193,NZ Women,ENG Women,5/0,9/0,10/0,13/0,20/0,21/1,27/1,30/1,46/2,52/2,55/2,57/2,58/2,59/2,67/2,71/2,82/2,89/2,99/2,106/2,109/2,111/3,116/4,121/4,123/4,124/4,126/4,131/4,133/4,146/4,148/4,151/4,154/4,160/4,166/4,172/4,178/4,183/6,187/6,194/7,202/7,211/8,N/A,N/A,N/A,N/A,N/A,N/A,N/A,N/A,N/A
Match 194,IND Women,NZ Women,4/0,12/0,21/1,28/1,45/1,49/1,51/2,56/2,63/2,69/2,72/3,75/3,80/3,87/3,91/3,95/4,98/4,100/4,102/4,111/4,116/4,126/4,131/4,135/4,143/4,149/4,153/5,154/5,158/5,161/5,165/5,176/5,180/5,183/6,186/6,188/6,195/6,201/6,205/6,215/6,218/6,223/7,226/8,226/9,227/10,N/A,N/A,N/A,N/A,N/A,N/A
Match 195,ENG Women,PAK Women,2/0,6/0,11/0,15/0,17/0,21/0,34/0,44/0,47/1,52/1,56/1,59/1,61/1,66/2,68/2,73/2,76/2,83/2,86/2,92/2,97/2,101/2,107/2,108/3,117/3,118/4,121/4,123/4,127/4,137/4,140/4,148/4,155/4,161/4,171/4,174/4,181/4,185/4,188/5,193/5,196/5,197/5,209/5,216/6,218/6,224/7,227/7,233/8,236/9,243/9,N/A
Match 196,IRE Women,BAN Women,1/0,2/0,3/0,3/0,7/0,11/1,14/1,18/1,19/1,24/1,26/1,28/1,30/1,34/1,43/1,46/1,49/1,52/1,57/1,59/2,67/2,68/2,73/2,80/2,81/2,88/2,91/2,97/2,101/3,109/4,112/4,114/4,121/4,123/5,123/6,126/6,127/6,129/6,132/6,134/6,138/6,144/6,149/6,153/6,156/7,159/7,167/8,173/8,181/8,185/10,N/A
Match 197,BAN Women,AUS Women,0/0,4/1,8/2,11/2,14/2,24/2,24/2,26/3,26/3,32/3,32/5,37/5,41/5,42/5,45/5,51/5,53/5,53/6,54/6,54/6,59/7,60/8,64/9,69/9,78/9,88/9,89/10,N/A,N/A,N/A,N/A,N/A,N/A,N/A,N/A,N/A,N/A,N/A,N/A,N/A,N/A,N/A,N/A,N/A,N/A,N/A,N/A,N/A,N/A,N/A,N/A
Match 198,SA Women,SL Women,4/0,9/0,14/0,16/0,23/0,25/0,30/0,38/0,40/0,46/0,70/0,74/0,77/0,80/0,85/0,91/0,96/0,102/0,109/0,111/0,115/0,117/1,123/1,124/1,125/3,128/3,132/3,138/3,139/3,143/3,147/3,158/3,170/3,176/3,187/4,190/4,198/4,200/4,208/4,214/4,218/4,224/4,234/4,242/4,247/4,259/4,267/4,278/4,284/5,301/5,N/A
Match 199,SA Women,ENG Women,2/0,10/1,14/1,15/2,18/2,21/2,30/2,35/2,40/2,41/2,52/2,58/2,61/2,62/2,68/2,71/2,72/4,76/5,76/7,77/7,82/7,89/7,94/7,101/7,102/8,103/8,117/8,122/8,127/8,128/9,133/9,135/10,N/A,N/A,N/A,N/A,N/A,N/A,N/A,N/A,N/A,N/A,N/A,N/A,N/A,N/A,N/A,N/A,N/A,N/A,N/A
Match 200,ZIM Women,IRE Women,1/0,3/0,3/0,9/0,13/0,19/0,20/0,20/0,22/0,26/0,30/0,39/0,43/0,55/0,61/0,68/0,77/0,80/0,84/0,91/0,92/1,92/2,93/2,100/2,104/2,108/2,110/2,113/2,118/2,120/2,127/2,130/3,131/3,135/3,139/3,145/3,151/3,162/3,166/3,173/3,178/3,186/3,196/3,198/5,203/6,206/6,214/6,218/7,224/7,227/9,N/A
Match 201,BAN Women,IRE Women,3/0,4/0,6/0,9/0,16/0,18/0,19/0,22/0,23/0,27/0,30/0,33/0,36/0,39/0,47/0,49/0,57/0,58/0,59/1,60/1,69/1,73/1,77/1,80/1,82/1,91/1,99/1,106/1,109/1,117/1,122/1,132/1,137/1,145/1,156/1,163/1,165/2,169/2,182/2,184/2,187/2,195/2,201/2,210/2,216/2,221/2,225/3,234/3,245/4,252/4,N/A
Match 202,SA Women,IND Women,1/0,3/0,7/0,10/0,14/0,21/0,23/0,27/0,29/0,46/0,50/0,53/0,56/0,63/0,74/0,78/0,86/0,90/0,98/0,102/1,104/2,105/2,110/2,114/3,115/3,119/3,120/4,125/4,131/4,137/4,141/4,143/5,146/5,149/5,152/5,155/5,157/5,163/5,165/5,171/5,173/5,176/6,178/8,179/8,181/8,185/8,187/8,196/8,201/8,215/8,N/A
Match 203,SA Women,AUS Women,1/0,4/0,4/1,5/2,5/2,8/2,8/2,9/3,9/3,17/3,26/3,31/3,34/4,36/4,46/4,48/4,48/4,56/4,58/5,61/5,65/5,68/5,71/5,74/5,77/5,90/5,93/5,94/6,97/6,97/7,103/8,105/9,N/A,N/A,N/A,N/A,N/A,N/A,N/A,N/A,N/A,N/A,N/A,N/A,N/A,N/A,N/A,N/A,N/A,N/A,N/A
Match 204,SA Women,SL Women,1/0,13/0,16/0,18/0,22/0,29/0,38/0,44/0,52/0,55/0,63/0,67/0,70/0,72/0,78/0,81/0,83/0,89/0,94/0,96/1,103/1,108/1,112/1,118/1,123/1,126/1,135/1,142/1,149/1,154/1,161/1,165/2,171/2,176/2,179/2,185/2,188/2,190/2,195/2,200/2,204/3,210/3,215/3,220/4,228/4,237/5,238/5,245/5,255/5,270/6,N/A
Match 205,BAN Women,AUS Women,2/0,7/0,8/0,11/0,11/0,14/0,17/0,17/0,17/1,17/1,18/1,19/1,20/1,22/1,23/1,25/2,26/3,27/4,36/4,41/4,44/4,44/4,52/4,52/5,52/6,52/6,53/6,53/6,56/6,60/7,61/7,62/8,64/8,66/8,70/8,74/8,75/8,76/8,77/9,85/9,86/9,93/9,93/9,97/9,97/10,N/A,N/A,N/A,N/A,N/A,N/A
Match 206,ENG Women,IRE Women,3/0,7/0,15/0,22/1,29/1,37/1,49/1,57/1,63/1,69/2,79/2,93/2,100/3,107/3,112/5,115/6,119/7,137/7,144/7,150/8,153/10,N/A,N/A,N/A,N/A,N/A,N/A,N/A,N/A,N/A,N/A,N/A,N/A,N/A,N/A,N/A,N/A,N/A,N/A,N/A,N/A,N/A,N/A,N/A,N/A,N/A,N/A,N/A,N/A,N/A,N/A
Match 207,ENG Women,IRE Women,5/0,11/0,11/0,23/0,23/0,33/0,36/0,42/0,42/1,46/1,47/1,51/1,56/1,61/1,62/1,67/1,71/1,75/1,77/1,86/2,90/2,94/2,102/2,112/2,115/3,117/3,127/3,136/3,143/3,152/3,162/3,175/3,179/3,185/3,196/3,201/3,210/3,214/4,216/5,221/5,228/5,236/6,243/6,251/6,265/6,274/6,284/6,293/7,306/7,320/8,N/A
Match 208,IND Women,SA Women,0/0,1/0,1/0,2/0,4/0,11/0,18/0,23/0,27/0,28/0,33/0,38/1,44/1,45/1,47/1,48/1,53/1,64/1,67/1,75/1,81/1,96/1,100/2,101/2,111/2,116/2,125/2,129/2,135/2,145/2,151/2,152/2,160/2,166/2,182/2,186/2,193/2,200/2,205/2,207/2,216/2,220/2,230/2,249/2,266/2,272/3,285/3,302/3,309/3,325/3,N/A
Match 209,NZ Women,IND Women,4/0,17/0,18/0,23/0,28/0,28/0,31/0,36/0,41/0,46/0,53/0,67/0,75/0,79/0,86/0,87/1,90/1,90/1,95/1,97/1,99/2,101/2,107/2,111/2,114/2,114/2,120/3,129/3,135/3,137/3,139/3,139/4,147/4,155/4,159/4,163/4,166/4,170/4,174/4,179/4,191/4,195/4,200/4,204/4,217/4,227/5,236/5,239/6,247/8,259/9,N/A
